attendance_pct,avg_internal_marks_pct,assignment_completion_pct,previous_gpa,missed_assignments_count,study_hours_per_week,recent_trend_slope,risk_level
82.0,41.5,49.3,2.45,2,26.3,8.8,2
54.7,53.5,72.1,3.12,3,25.6,10.1,2
61.0,74.2,86.7,2.01,1,28.6,9.9,2
88.2,45.9,56.6,2.72,1,13.4,-11.8,2
86.5,71.1,98.1,2.76,1,20.2,16.5,0
52.3,53.2,50.3,2.16,4,9.7,-19.9,2
72.7,88.4,41.4,2.71,2,24.1,10.1,2
86.5,49.5,56.6,3.98,3,23.1,2.8,2
92.1,85.0,46.0,2.06,3,12.4,-11.6,2
85.9,52.3,64.9,3.77,2,23.2,-17.9,2
62.3,72.6,48.4,3.17,3,31.6,-5.0,2
74.7,83.8,90.3,2.31,0,7.3,9.0,0
69.2,74.6,62.8,2.5,1,20.3,22.1,1
63.3,77.2,37.8,2.87,5,17.0,22.7,2
98.6,84.2,65.5,2.21,2,22.6,17.1,1
77.0,85.2,67.1,2.0,3,12.7,-24.0,2
93.9,88.2,51.5,2.12,2,31.0,22.3,2
98.9,70.9,38.8,3.32,6,33.2,-16.7,2
98.2,93.9,82.9,3.38,2,25.5,-5.1,0
56.1,53.0,53.7,3.18,2,9.6,-14.0,2
85.4,43.4,34.7,2.06,5,12.9,0.7,2
56.6,94.3,70.0,2.95,2,27.9,15.4,1
54.7,78.2,54.8,2.82,2,30.5,-22.3,2
90.0,46.3,43.4,3.07,5,6.6,-15.8,2
62.5,93.5,61.0,3.72,1,20.2,-22.5,2
92.4,49.6,64.0,2.43,4,15.2,-22.1,2
50.1,62.6,94.9,3.57,2,11.4,9.8,2
98.4,73.6,68.0,3.5,2,3.9,4.2,0
52.8,69.5,89.6,2.14,2,4.2,18.1,2
62.3,74.5,73.4,2.84,2,21.3,1.1,1
60.2,81.5,46.7,2.79,4,24.2,-10.0,2
50.5,76.0,69.4,2.2,2,19.7,0.3,2
96.7,91.1,91.5,2.74,1,7.2,16.7,0
82.7,40.5,87.2,2.6,0,23.9,21.9,1
63.2,91.6,82.0,2.31,2,11.3,-14.5,2
63.2,68.3,93.4,3.69,1,5.0,-3.8,1
52.2,59.3,39.2,3.96,6,7.3,-2.9,2
97.3,80.1,40.4,2.07,5,14.2,2.6,2
56.4,57.9,92.9,3.59,0,30.4,19.9,2
67.7,72.5,91.2,3.95,0,26.7,21.3,0
93.2,96.6,86.8,3.76,1,2.8,11.8,0
83.5,82.6,47.4,2.32,2,25.1,-5.9,2
92.9,52.9,87.2,2.92,0,12.1,14.8,0
69.9,56.2,34.9,3.55,5,13.6,0.5,2
97.0,46.7,97.9,2.36,0,33.8,-11.7,2
89.3,65.3,98.9,2.23,0,31.7,-15.5,1
85.4,40.1,94.8,3.08,0,25.7,12.1,1
83.2,59.2,52.0,3.7,4,25.8,-10.0,2
83.3,58.9,78.8,3.11,3,8.3,8.2,1
80.8,57.5,68.4,2.0,3,11.5,-3.5,2
73.2,65.6,45.0,2.95,3,31.7,14.8,2
83.2,75.9,36.5,3.9,4,9.8,-9.5,2
57.4,42.7,98.9,3.22,0,27.4,-2.2,2
70.0,48.6,78.1,3.79,3,30.4,19.3,2
60.9,86.6,78.7,2.93,0,20.4,20.9,1
83.4,97.3,71.7,3.9,3,31.4,5.6,1
91.5,71.8,92.8,3.49,0,17.7,-12.0,1
88.9,68.1,46.7,2.88,4,25.5,-13.3,2
66.0,71.3,39.7,2.46,3,24.9,10.3,2
73.3,43.6,88.3,2.78,0,27.4,22.3,1
92.8,84.4,56.6,2.01,4,13.6,12.7,2
90.0,92.1,64.2,2.55,4,18.0,-5.6,2
86.2,88.7,94.4,3.96,0,19.6,20.3,0
93.3,50.5,48.2,2.65,5,17.0,-8.1,2
63.9,95.2,59.5,3.67,1,17.5,12.5,2
82.5,85.3,75.6,3.51,0,33.3,-15.0,1
81.1,53.8,63.1,2.23,3,33.3,-1.7,2
80.4,83.4,38.0,3.64,3,33.8,-19.6,2
96.4,73.4,93.6,2.75,0,33.1,-15.1,1
92.5,74.8,38.5,3.97,6,27.8,-7.6,2
83.1,44.0,75.3,2.03,3,15.9,-0.5,2
91.4,81.0,60.5,3.47,4,33.9,-11.5,2
73.2,87.9,71.5,2.64,2,10.1,21.7,0
73.2,75.4,56.5,2.06,2,30.1,-15.9,2
67.7,55.0,49.6,3.19,3,31.0,2.8,2
74.4,84.0,78.3,3.29,0,18.2,14.6,0
64.7,63.5,47.0,3.33,4,14.2,2.7,2
66.5,80.8,49.0,2.5,2,6.0,-15.4,2
87.1,95.2,78.3,2.38,2,26.4,-11.2,1
64.8,60.9,51.2,3.42,2,6.2,-22.7,2
77.7,80.5,38.8,3.74,5,18.2,18.6,2
59.2,43.0,95.9,2.96,0,29.1,-5.0,2
78.9,79.8,40.6,3.62,3,33.3,-20.7,2
80.3,85.9,45.8,3.05,5,16.9,-2.9,2
65.3,76.0,72.7,3.48,1,33.3,-14.6,2
62.0,72.0,41.0,2.82,2,24.7,-1.5,2
61.6,81.0,79.2,2.91,1,24.7,21.2,1
82.4,92.7,87.9,2.14,1,7.5,-9.6,1
72.0,67.2,51.3,2.81,5,11.0,2.0,2
71.6,58.7,47.5,2.18,2,33.7,16.8,2
100.0,79.0,48.9,2.08,5,27.0,-1.5,2
79.3,76.8,64.4,2.18,1,13.5,-8.3,1
92.9,59.1,78.6,2.58,0,33.2,15.7,0
66.2,96.3,58.3,3.03,4,34.6,7.9,2
70.7,50.9,55.3,3.51,2,22.6,13.0,2
64.4,91.1,63.9,2.06,2,22.8,15.0,2
65.5,40.8,58.6,2.45,1,29.8,-19.3,2
96.6,56.9,79.4,2.83,3,17.9,-1.4,1
77.6,62.2,94.5,3.02,1,31.0,18.2,0
67.0,85.7,48.7,2.01,5,26.0,16.9,2
93.3,65.9,63.9,2.66,3,27.2,-6.1,2
61.9,62.2,89.9,2.82,2,12.5,-1.4,1
69.3,78.5,87.5,3.96,1,18.3,-23.1,2
72.0,70.5,62.0,3.44,2,15.5,7.7,0
53.7,85.3,48.6,3.25,4,15.1,-21.0,2
69.0,58.4,80.3,3.52,0,30.8,-23.2,2
61.7,79.7,50.1,2.45,2,5.0,23.9,2
95.2,42.7,85.7,2.59,2,14.4,-17.7,2
78.3,86.0,41.9,2.16,3,30.7,6.0,2
61.6,77.0,62.2,3.33,3,31.7,-1.7,2
83.9,49.2,60.9,2.69,4,21.4,6.9,2
65.1,98.0,89.7,2.21,1,14.6,-7.1,2
99.6,57.1,98.5,3.32,0,11.1,3.3,0
91.6,92.4,84.3,2.46,1,28.5,-14.0,1
81.0,79.3,80.5,3.32,0,29.7,6.4,0
79.0,82.5,36.3,2.59,4,26.7,-16.2,2
89.3,90.8,55.6,3.0,4,11.0,-16.8,2
93.5,86.6,62.8,2.15,4,26.9,-13.7,2
98.4,86.7,55.6,3.58,4,2.5,1.8,2
63.1,62.1,74.7,2.74,2,24.3,-1.4,1
95.8,52.8,34.4,3.65,6,32.0,-9.9,2
51.9,97.8,38.1,2.47,5,19.7,-5.6,2
83.5,83.1,96.2,2.84,2,26.5,-17.3,1
80.8,94.5,49.6,3.38,3,9.2,-2.8,2
92.8,45.8,78.0,3.09,3,34.3,-7.1,2
97.5,87.8,36.4,2.42,3,23.1,23.6,2
89.3,54.1,38.8,3.13,4,4.3,13.3,2
61.6,84.9,85.2,3.19,0,11.2,24.2,1
77.0,86.3,37.7,3.73,4,6.3,-7.1,2
63.3,47.4,59.5,2.23,3,4.1,-2.6,2
75.7,46.3,65.3,3.89,3,3.4,14.2,2
53.0,67.8,58.1,3.37,1,18.2,20.5,2
95.0,58.7,40.4,2.25,4,22.6,4.3,2
64.7,69.3,60.1,3.59,2,5.8,7.7,2
71.5,91.5,59.0,3.65,3,15.2,11.5,1
68.7,48.9,94.6,2.13,0,29.4,-20.3,2
87.2,61.6,39.1,2.12,3,33.6,3.1,2
97.1,64.5,94.1,2.1,0,11.5,-9.4,1
78.9,52.3,76.0,2.45,2,5.6,17.3,1
61.3,64.9,69.3,3.53,1,22.5,8.7,1
80.4,78.2,78.5,2.06,2,11.0,13.1,1
57.2,78.1,34.9,3.48,4,34.1,-20.4,2
68.8,66.3,41.0,2.62,2,12.7,22.1,2
87.7,42.9,35.7,2.89,6,16.0,5.4,2
63.7,83.8,38.0,2.86,6,11.3,8.9,2
61.0,97.1,33.8,2.41,5,33.2,13.4,2
64.5,47.0,64.8,2.86,2,6.3,1.6,2
90.3,44.2,90.3,2.08,1,2.6,21.1,2
78.8,73.3,79.7,2.84,2,5.8,-24.0,2
73.0,80.0,55.3,2.87,4,5.5,-3.2,2
76.2,63.0,51.7,2.68,2,13.0,-16.6,2
88.8,60.4,97.1,3.29,1,6.9,-19.9,1
59.9,74.9,83.2,3.31,3,7.8,13.6,2
79.0,79.5,91.7,3.29,1,34.6,-8.8,0
57.5,44.0,61.0,2.61,1,11.1,-22.2,2
52.8,88.2,35.4,3.73,6,30.2,5.8,2
73.1,72.2,85.4,3.79,0,16.8,15.5,0
57.5,43.6,37.2,3.8,4,13.3,10.7,2
52.0,81.0,99.4,3.05,1,22.1,-6.8,2
83.9,43.0,74.2,2.67,3,12.9,2.9,2
64.2,82.0,76.0,3.81,1,30.8,-8.3,1
82.8,78.4,39.0,3.42,5,4.8,2.9,2
90.7,78.9,88.0,3.48,2,24.6,1.3,0
65.4,95.2,53.9,3.53,3,8.3,25.0,2
53.9,89.0,37.1,3.54,3,29.6,19.2,2
80.9,74.6,40.8,2.36,3,24.9,6.2,2
86.1,42.5,55.5,3.44,4,34.0,5.5,2
98.3,85.5,93.3,2.39,2,24.4,3.5,0
73.1,56.3,56.7,3.05,2,33.9,15.8,1
74.0,61.5,95.4,3.42,0,19.0,-18.8,1
88.2,55.8,93.4,2.29,0,16.4,22.3,1
96.5,64.1,57.8,2.75,2,14.7,-20.9,1
51.4,94.0,88.7,3.3,1,28.1,-18.1,2
91.6,84.0,62.8,3.23,2,31.9,-24.0,1
91.7,71.8,80.9,3.06,2,5.7,-10.6,1
81.9,76.1,34.4,3.67,4,18.5,1.8,2
85.9,56.9,30.1,2.71,3,20.8,-15.6,2
97.7,71.6,85.0,3.02,0,2.7,18.7,0
81.8,96.9,47.8,2.03,2,28.0,-7.8,2
66.6,42.6,68.2,3.63,4,7.8,14.0,2
99.0,67.8,42.8,2.27,2,25.6,22.2,2
60.0,42.4,95.3,3.03,1,34.6,2.2,2
51.8,77.5,50.0,3.72,4,3.6,7.8,2
94.5,83.1,92.6,2.77,2,34.1,-0.2,0
68.4,86.2,48.7,2.17,3,16.0,-3.5,2
54.0,78.3,51.5,3.21,4,16.1,9.5,2
72.4,82.2,93.8,3.23,0,16.4,7.0,0
68.2,86.5,77.6,3.91,3,6.7,5.4,2
51.7,43.9,84.5,2.73,1,14.6,3.4,2
68.6,84.3,70.2,3.06,1,15.1,7.5,0
98.0,41.5,43.0,3.04,4,32.1,-19.1,2
80.6,80.3,99.9,2.4,0,6.5,-21.3,1
94.9,65.8,36.1,3.36,5,29.9,-9.0,2
64.5,57.4,41.0,3.42,4,25.1,-16.3,2
75.4,47.0,44.1,2.28,4,28.1,-23.7,2
56.5,91.3,34.6,2.8,6,25.7,-1.1,2
88.5,87.8,35.2,3.94,5,23.2,-2.5,2
77.6,74.1,83.7,2.26,0,18.6,18.4,1
75.9,57.6,41.3,3.87,4,9.4,22.4,2
81.8,71.9,38.8,2.61,4,19.6,0.1,2
79.6,73.7,42.0,3.25,2,31.8,-8.1,2
52.3,77.2,70.4,3.3,0,27.3,-4.2,2
74.9,76.4,50.3,3.91,5,17.9,15.2,2
53.0,65.5,63.9,2.41,3,22.0,-9.4,2
86.7,89.9,98.3,2.26,1,14.2,3.1,0
72.5,48.2,33.5,3.89,4,30.5,-4.1,2
90.7,94.2,80.5,2.38,3,7.3,24.8,1
51.2,94.8,65.4,3.93,1,9.1,-7.4,2
64.1,74.7,89.0,3.35,0,11.4,-24.6,2
86.4,84.3,55.6,2.8,3,20.8,-15.3,2
53.7,69.2,83.5,2.56,0,34.6,9.0,2
68.7,97.2,69.0,2.73,4,6.8,5.1,2
75.0,42.6,39.6,2.67,4,17.6,-2.2,2
58.1,97.5,81.8,2.6,3,13.1,16.4,2
85.4,57.4,87.1,2.74,1,24.2,24.0,0
84.4,41.5,63.2,3.93,2,27.8,13.8,1
86.1,73.8,41.9,3.26,3,22.5,17.1,2
78.6,80.6,43.4,2.88,3,15.8,-4.4,2
70.5,84.9,94.4,3.75,0,26.3,-21.9,1
99.9,67.7,56.4,3.91,3,17.2,1.7,1
83.8,90.3,77.7,3.61,1,10.7,-0.8,0
97.1,97.0,84.0,3.41,3,24.8,-0.5,1
67.4,94.2,85.7,2.55,2,6.0,8.8,1
67.3,84.8,40.3,2.08,5,33.5,-21.0,2
82.8,83.3,45.0,3.66,4,10.9,3.1,2
79.3,54.1,76.9,3.06,3,23.1,-22.4,2
66.5,67.4,77.7,2.27,1,33.8,23.9,1
93.9,67.7,44.0,3.93,2,12.6,7.3,2
82.6,53.5,81.7,3.7,3,3.2,21.1,2
96.0,97.8,57.8,2.99,3,32.9,23.1,1
93.8,40.5,69.8,2.21,4,34.4,-10.8,2
75.2,55.8,86.6,2.66,0,26.1,7.4,0
50.7,59.6,50.7,3.35,5,8.4,5.5,2
54.3,78.8,42.9,2.28,4,12.7,-12.6,2
69.2,65.9,48.7,2.66,4,21.2,3.6,2
53.1,46.9,51.5,2.81,4,18.6,19.8,2
84.5,77.0,95.8,2.74,2,9.3,22.9,0
80.3,64.1,68.4,2.94,2,19.7,8.2,0
88.1,79.5,71.7,3.57,2,19.3,1.4,0
53.1,71.8,65.4,3.15,4,6.9,-8.6,2
55.8,51.9,70.8,2.18,3,18.8,15.4,2
78.2,72.4,77.1,2.62,0,2.7,-12.3,1
87.3,73.5,33.2,2.69,3,4.1,24.7,2
64.4,50.4,39.5,3.28,5,26.1,23.2,2
99.6,62.2,90.9,3.81,0,14.4,9.1,0
58.9,71.2,67.0,3.46,1,9.3,-24.8,2
98.9,66.9,80.3,2.85,3,14.5,-13.5,1
96.9,82.1,37.9,3.62,3,15.8,13.3,2
62.0,43.9,71.6,2.89,1,24.2,18.6,2
61.7,52.6,90.5,2.11,1,18.6,-10.5,2
78.9,84.8,87.3,2.47,0,30.9,24.3,0
77.8,74.3,81.5,2.35,0,24.4,2.8,0
98.6,94.6,77.0,3.57,1,12.5,-4.2,0
76.9,54.0,45.8,3.72,2,6.8,-1.8,2
78.1,96.1,69.0,2.27,1,10.0,-14.8,2
54.6,82.0,43.3,2.54,2,24.2,5.1,2
59.4,84.2,80.7,3.12,2,17.8,18.5,1
60.6,51.0,81.9,3.49,1,26.9,20.7,2
69.8,53.9,52.5,2.57,4,17.4,7.4,2
74.9,45.7,98.7,2.94,1,29.7,20.7,1
65.6,42.7,90.5,3.48,2,2.5,2.7,2
61.5,73.0,47.2,3.1,5,33.1,-8.1,2
98.3,77.2,64.3,2.34,4,28.2,-16.5,2
99.5,95.5,66.7,3.68,1,4.5,15.9,1
88.2,63.9,89.0,2.46,2,25.3,-24.5,1
83.3,75.8,63.8,2.98,1,2.2,2.6,1
50.8,81.9,67.5,2.57,4,18.6,9.9,2
55.4,45.6,40.4,2.38,4,19.4,15.8,2
89.7,44.6,97.2,2.92,1,10.0,9.9,1
82.7,89.8,83.2,2.19,0,14.5,2.6,0
81.8,80.8,35.8,3.69,3,23.3,-8.4,2
61.5,92.3,78.5,3.13,2,10.9,21.2,1
95.0,72.7,32.3,3.86,4,12.4,23.1,2
69.9,44.5,41.4,2.48,4,29.5,-5.5,2
69.2,82.9,85.3,3.38,1,4.6,12.3,1
91.9,59.8,83.8,3.91,0,15.1,13.7,0
81.7,85.4,61.5,2.46,2,20.3,-6.2,1
54.3,75.9,85.9,3.43,0,4.7,-17.3,2
87.0,58.4,37.5,2.01,5,12.2,-7.0,2
71.5,72.3,65.9,2.21,3,5.0,2.7,2
93.2,40.7,59.0,3.56,2,25.9,3.0,2
69.0,48.1,51.1,2.99,5,4.1,-3.3,2
65.0,85.4,55.3,3.89,2,25.8,-0.2,1
50.3,63.0,88.9,2.76,2,30.5,-3.0,2
90.8,89.9,98.2,2.27,0,12.6,22.4,0
69.9,58.5,81.4,3.27,2,33.9,14.1,0
68.8,87.4,57.5,2.23,2,20.6,4.6,2
97.7,66.8,79.6,2.88,3,11.6,9.6,0
83.6,48.1,51.2,2.51,5,7.1,-3.8,2
74.0,63.2,65.5,3.84,3,24.8,2.2,1
85.1,87.1,71.6,3.83,2,5.6,-12.6,1
78.2,77.4,75.3,3.93,0,12.9,14.8,0
50.5,55.0,65.7,3.04,4,21.2,3.8,2
84.0,80.0,40.6,4.0,2,17.9,-10.2,2
55.8,94.6,39.9,2.62,6,17.0,-14.7,2
86.1,66.2,34.7,2.09,5,25.5,-23.9,2
82.4,79.3,41.5,3.97,3,10.0,-16.3,2
73.1,86.3,74.1,2.37,1,23.7,-5.2,1
72.5,64.9,30.3,2.43,3,11.2,10.2,2
76.8,61.2,43.8,2.23,4,24.1,-0.5,2
79.8,75.5,71.1,2.7,2,29.9,5.9,0
83.6,58.2,46.7,2.23,5,14.3,-17.9,2
70.9,48.0,56.9,2.37,2,23.0,9.7,2
57.0,58.2,61.6,2.11,2,13.8,-24.5,2
59.8,62.3,69.3,3.31,4,15.5,-0.4,2
51.5,84.1,50.4,2.55,5,19.7,-16.6,2
78.3,84.8,64.7,3.02,3,20.9,-11.6,1
88.0,65.6,45.3,2.85,3,26.3,7.7,2
64.9,98.0,61.5,2.7,1,29.0,-3.0,1
90.5,74.1,54.5,3.42,3,22.9,-16.7,2
89.2,87.2,86.4,3.14,0,19.6,4.8,0
64.5,55.5,90.1,3.97,2,24.4,-20.2,2
95.9,97.6,90.7,2.25,1,30.6,-12.5,1
83.8,68.4,70.4,2.54,0,15.7,-2.4,0
70.1,83.5,78.6,3.75,0,17.0,-0.6,0
54.7,96.4,74.4,3.39,3,30.1,14.8,2
60.9,64.9,44.8,2.54,3,29.3,-8.1,2
67.2,79.6,33.4,2.2,3,27.9,-2.0,2
96.5,49.2,62.0,3.98,2,16.1,24.8,1
93.7,90.8,36.5,2.72,4,4.7,8.2,2
52.6,76.3,80.8,3.51,0,16.2,-20.4,2
56.6,53.1,77.6,2.02,3,25.0,15.9,2
84.7,67.7,46.0,2.18,4,28.6,-19.8,2
88.7,83.7,39.3,3.99,3,6.7,1.5,2
80.5,49.5,54.6,2.43,5,26.7,21.0,2
55.0,83.6,71.3,2.77,1,33.8,-9.3,2
62.4,77.4,47.4,3.2,2,25.8,-10.8,2
65.1,70.0,65.7,3.5,2,11.8,-22.3,2
74.7,46.5,65.0,3.19,3,19.4,23.9,2
93.0,73.0,55.6,3.37,1,27.2,22.7,1
50.8,43.9,48.4,2.08,4,4.0,14.5,2
70.8,80.7,35.8,3.07,5,22.3,-11.1,2
54.0,93.4,98.2,2.31,0,12.8,4.3,2
97.7,53.8,47.1,3.85,2,5.8,5.6,2
65.5,83.0,81.8,2.24,1,25.4,10.1,1
75.9,87.7,48.1,2.74,2,26.7,18.7,1
88.6,41.7,86.5,2.54,0,4.1,10.6,2
52.8,89.8,41.7,2.31,2,27.5,19.7,2
61.4,69.5,33.1,3.73,6,10.1,-1.4,2
98.0,42.1,86.2,3.43,0,23.6,-13.8,2
70.8,81.8,49.0,2.16,2,14.3,0.1,2
99.1,95.3,34.8,2.93,5,11.3,17.2,2
54.3,66.5,55.8,2.58,2,27.9,12.0,2
74.7,84.8,43.7,3.8,2,27.1,-12.7,2
96.6,41.4,67.9,3.27,3,24.9,-24.5,2
92.5,82.2,37.3,3.06,3,9.9,-0.4,2
98.6,48.3,49.6,2.09,5,9.6,17.3,2
98.7,44.9,36.7,2.27,3,29.1,-21.3,2
71.7,95.9,46.6,2.52,4,12.4,15.0,2
53.7,51.8,84.6,3.17,3,7.1,-16.8,2
65.7,47.0,55.1,3.54,1,16.9,-1.8,2
65.2,80.9,72.2,2.43,1,30.3,-17.6,2
98.4,63.0,33.4,2.6,6,29.1,-16.3,2
77.5,45.5,37.1,3.59,4,6.0,-21.9,2
56.5,87.8,56.1,3.26,3,23.3,4.1,2
99.9,51.5,75.2,3.62,2,5.0,17.4,1
56.1,94.7,33.5,3.85,6,16.3,11.2,2
58.6,52.5,43.1,2.56,3,31.2,-23.3,2
82.4,68.9,91.8,2.96,2,4.9,-5.8,0
76.3,76.6,86.2,3.59,1,34.7,14.1,0
74.0,85.3,54.1,3.13,2,12.6,-11.5,1
94.8,85.2,34.1,3.98,4,19.5,13.3,2
98.7,45.8,76.0,2.53,0,28.9,20.9,1
78.8,97.0,57.2,3.87,2,34.7,-16.3,1
79.6,86.8,78.8,3.83,1,2.9,10.0,0
99.4,91.1,64.5,2.62,2,18.2,-20.5,1
80.1,41.2,63.5,2.66,3,22.3,15.3,2
92.2,58.8,31.5,3.17,5,32.3,13.7,2
98.0,61.7,95.9,2.79,0,5.3,-9.9,1
71.8,77.1,64.1,2.63,3,25.3,3.1,1
61.2,74.2,42.3,2.61,2,24.7,-18.6,2
69.6,97.7,97.6,2.06,0,21.9,21.1,1
82.0,46.0,64.7,2.66,3,4.6,-7.7,2
54.4,81.1,74.7,3.77,1,16.7,-11.7,2
84.7,60.3,85.1,3.44,2,3.6,-3.1,1
74.7,62.0,68.2,2.2,2,17.8,18.2,0
58.1,44.3,89.2,2.59,0,12.5,22.6,2
58.0,44.4,95.9,3.96,2,13.2,24.3,2
85.2,65.0,75.8,3.21,2,16.3,-22.3,1
84.9,81.9,81.1,2.53,0,11.3,-13.1,1
69.6,71.9,64.4,2.11,4,2.1,-20.6,2
58.5,56.9,35.7,3.69,6,12.2,-5.1,2
94.7,55.4,74.9,2.78,1,14.2,-5.9,0
73.3,53.1,48.8,2.12,2,26.8,8.4,2
83.4,86.9,59.0,3.51,4,9.5,-22.0,2
76.8,90.3,63.2,3.76,1,17.7,-21.1,1
75.1,92.2,86.0,3.36,2,22.5,-19.0,1
98.6,86.9,38.8,2.85,4,34.6,-3.2,2
91.7,55.0,93.8,3.83,2,4.2,-5.6,0
76.0,93.2,30.9,3.4,3,21.4,14.1,2
70.7,48.6,71.2,3.52,0,33.0,21.2,1
94.0,90.9,48.5,3.31,3,20.9,-1.3,2
63.8,48.3,72.6,3.39,2,3.3,19.5,2
73.8,55.6,56.1,2.68,4,28.2,-9.5,2
92.9,79.7,98.1,2.46,1,11.9,12.2,0
82.3,50.9,44.8,3.65,4,26.5,13.0,2
91.1,69.9,41.1,2.62,2,18.7,-18.2,2
60.0,43.3,32.3,2.1,5,13.9,-15.0,2
91.2,69.3,74.5,2.25,3,3.0,-6.4,2
79.3,60.3,41.4,3.79,4,26.7,9.4,2
51.4,42.9,89.8,3.56,0,9.1,-13.9,2
70.5,41.2,84.6,3.54,1,2.3,20.6,2
80.1,40.5,47.7,3.61,4,12.1,23.4,2
67.4,54.6,62.7,3.35,1,29.2,-5.1,2
50.4,98.0,97.7,3.68,1,20.5,4.7,2
53.2,97.3,74.8,3.72,2,10.6,10.6,2
59.4,70.0,46.8,2.11,5,30.3,15.5,2
86.1,78.0,99.8,2.52,0,15.8,-5.6,0
79.2,97.7,87.1,2.69,2,25.5,9.3,0
75.4,89.0,88.8,3.75,0,8.0,-20.1,1
87.0,82.1,69.1,3.83,1,33.2,20.0,0
93.6,64.4,92.1,2.74,0,21.3,-1.8,0
73.5,90.3,70.9,3.89,0,4.4,19.5,0
64.9,43.1,89.8,2.27,2,8.6,-4.5,2
57.2,90.0,42.6,2.16,4,13.0,24.3,2
63.7,84.1,41.8,3.53,2,18.2,13.2,2
56.5,65.2,60.1,2.86,2,17.8,-24.8,2
94.6,83.9,67.2,2.04,2,2.1,11.7,1
84.7,60.0,39.0,2.77,3,21.4,-16.6,2
86.4,74.6,53.6,3.78,5,34.9,-7.9,2
68.0,50.9,96.4,3.84,0,15.3,-13.6,2
75.2,47.1,79.8,3.58,0,14.4,7.0,1
79.7,42.8,37.6,3.67,6,3.6,-19.2,2
73.7,48.9,78.7,3.26,2,11.9,8.1,1
81.1,80.6,59.3,3.8,3,18.9,5.9,1
59.9,51.6,48.4,3.05,4,8.7,10.2,2
58.0,71.8,93.7,3.38,0,17.9,-13.3,2
91.8,78.8,40.4,2.18,2,18.9,11.2,2
95.2,77.4,62.0,3.95,2,10.7,-22.5,2
68.0,79.3,59.8,2.23,1,30.1,19.5,1
92.6,78.5,41.9,2.72,2,16.4,6.1,1
55.7,63.2,62.0,3.67,4,24.8,-1.1,2
82.4,86.2,37.9,3.39,4,3.9,22.1,2
74.1,73.0,60.7,3.22,2,27.7,5.6,1
74.2,68.3,92.1,2.88,0,4.1,7.7,0
88.4,73.4,69.6,3.96,1,24.1,-8.1,0
71.6,82.1,63.7,3.33,1,23.2,-17.6,2
75.3,67.2,64.7,2.33,3,26.8,-9.0,2
98.5,42.9,45.6,3.29,5,15.3,-13.3,2
54.4,68.9,52.1,3.96,5,26.6,-24.1,2
70.6,72.3,30.0,2.18,5,21.9,6.0,2
82.7,66.5,53.9,3.65,4,28.9,17.2,2
78.0,75.9,63.1,3.31,2,25.6,-19.3,1
81.7,86.4,68.3,2.75,4,5.5,19.8,1
57.0,81.6,80.5,2.21,3,22.2,-15.6,2
59.5,59.6,83.0,2.09,0,22.9,8.6,2
88.6,66.1,76.1,3.91,0,6.4,-0.1,0
79.3,93.6,84.7,3.82,1,24.8,-16.3,1
55.2,78.1,72.4,2.64,1,31.1,-4.1,2
98.5,66.3,39.3,2.83,5,25.1,12.4,2
92.2,71.8,52.0,3.47,3,20.3,-14.1,2
67.3,79.0,98.7,3.3,1,33.6,0.2,0
85.5,84.1,69.4,3.17,3,33.1,10.5,1
50.6,46.2,56.7,2.11,2,3.9,-11.7,2
99.2,79.6,40.2,2.12,2,27.9,-14.8,2
80.8,79.2,69.3,2.45,3,23.4,-5.6,2
84.6,42.7,56.7,2.83,1,28.0,9.3,2
81.0,85.3,90.9,3.66,1,32.1,10.2,0
87.8,71.7,72.2,3.55,1,33.8,-10.3,0
98.1,82.6,38.4,2.08,4,11.2,-11.8,2
79.2,54.8,53.1,3.42,4,7.1,-17.3,2
81.3,88.9,51.1,3.58,4,20.2,-21.4,2
76.3,95.5,66.4,3.57,4,7.3,2.2,1
60.7,59.2,55.3,2.44,1,26.8,1.5,2
55.7,60.1,46.8,3.28,2,32.3,-12.8,2
95.8,94.8,57.0,3.08,3,11.3,20.6,1
75.7,69.5,64.1,2.59,1,23.5,-9.0,1
97.8,71.2,30.5,2.13,6,24.1,13.7,2
91.8,51.9,88.0,3.76,0,26.5,-3.2,0
73.0,59.2,36.1,2.11,4,28.2,2.9,2
95.5,63.6,61.6,2.81,1,12.4,-5.5,0
80.9,83.8,71.0,3.4,0,4.4,21.4,0
64.5,79.8,72.5,2.56,0,32.6,-5.9,1
56.8,62.7,85.8,3.09,1,33.7,-17.8,2
97.9,40.6,91.2,2.28,2,3.4,3.6,2
65.2,83.4,93.2,2.69,0,15.6,7.3,1
58.0,52.8,88.4,2.39,0,8.0,15.0,2
99.7,66.8,68.5,2.58,4,4.2,-20.1,2
97.6,60.7,77.0,2.47,1,11.4,-21.5,1
80.8,57.7,70.9,3.13,3,14.0,-9.2,2
58.4,58.2,85.0,3.42,2,23.1,-11.2,2
93.9,66.8,55.1,2.61,1,20.2,-16.2,2
92.1,89.8,39.8,3.08,3,10.7,19.3,2
92.5,76.6,86.9,3.16,0,27.4,-14.4,0
77.6,71.5,99.9,2.94,0,27.6,-6.7,0
92.9,47.8,65.1,2.18,2,14.0,-24.5,2
92.4,86.8,73.0,2.33,1,19.0,-2.7,0
93.6,48.5,81.2,3.88,1,3.3,13.1,1
53.1,61.4,33.0,2.41,6,32.0,-6.9,2
52.0,77.6,37.2,3.94,5,22.9,-11.3,2
78.9,73.1,56.4,2.76,1,21.4,19.9,0
95.4,69.9,54.7,3.74,2,18.1,-0.9,1
75.1,48.1,41.6,2.15,3,23.2,-14.4,2
90.8,78.3,59.0,2.66,4,5.7,8.8,2
60.5,49.4,88.3,2.04,0,3.4,3.7,2
94.5,48.5,41.6,3.84,2,19.0,-4.7,2
93.9,82.2,87.5,3.89,2,9.1,5.3,0
91.5,74.8,85.6,3.64,1,8.0,8.0,0
58.4,79.8,94.6,3.19,0,4.3,-6.1,2
93.0,69.3,59.4,2.3,1,5.2,-1.2,1
93.9,70.8,82.7,2.19,0,23.8,20.1,1
82.5,70.3,55.9,2.09,4,19.5,-13.5,2
89.5,62.1,71.2,3.48,0,27.1,9.8,0
88.3,92.8,35.9,3.2,3,19.9,-12.1,2
85.5,85.8,70.5,2.24,2,2.2,7.7,1
71.3,74.0,48.3,3.07,5,20.6,5.6,2
87.7,64.0,84.9,2.96,2,14.2,2.7,0
88.7,63.1,39.7,3.73,4,5.9,-13.5,2
55.0,69.5,85.0,3.6,0,22.3,9.2,2
50.3,45.3,40.2,3.85,3,16.4,-21.8,2
68.5,75.3,80.7,3.86,2,15.2,7.8,0
97.3,87.6,74.8,2.88,2,8.7,7.8,0
59.7,85.5,65.7,3.4,3,22.3,8.7,2
57.9,97.8,84.6,2.71,0,15.0,4.3,2
86.8,44.0,36.3,2.57,5,29.4,20.8,2
61.3,95.9,61.8,2.81,1,2.2,-16.2,2
77.9,69.2,53.8,2.23,4,18.9,-12.1,2
78.2,84.7,83.0,3.92,0,17.1,-2.0,0
74.1,55.0,56.8,3.58,3,9.3,10.1,2
76.8,80.6,48.4,2.57,4,15.2,12.4,2
53.8,94.0,63.4,2.71,2,31.5,-11.5,2
86.8,90.6,44.5,2.41,3,10.2,5.9,2
88.9,47.0,35.5,3.91,3,18.3,-24.7,2
65.8,92.1,91.7,3.15,1,11.1,-15.9,1
69.9,83.5,39.0,3.05,3,16.0,22.0,2
84.3,50.1,98.4,3.4,0,17.2,9.5,0
83.7,62.0,37.1,2.72,5,30.4,-15.6,2
80.7,61.2,64.9,2.42,4,25.1,-6.4,2
64.0,50.4,39.2,3.15,5,9.5,-20.0,2
92.8,51.4,86.0,3.48,2,17.6,-24.5,2
75.0,97.7,89.5,3.03,1,25.8,14.3,0
52.4,45.7,41.4,2.43,2,10.4,16.9,2
72.5,59.4,55.3,3.12,1,32.8,-12.1,1
84.0,75.1,70.4,3.3,2,19.8,24.0,0
67.8,79.0,64.1,3.47,3,31.4,-5.9,2
93.4,77.2,95.0,2.84,0,22.2,-4.8,0
54.0,59.9,51.9,3.31,5,25.4,5.3,2
93.1,61.1,71.1,3.93,0,15.7,-15.8,1
56.3,53.6,47.6,3.49,5,26.7,-14.5,2
93.9,71.8,31.8,2.79,5,27.2,-20.8,2
80.9,44.9,95.2,2.78,2,9.6,11.9,1
91.9,41.7,76.4,3.72,2,12.7,-1.2,1
77.4,47.8,96.4,3.08,2,21.5,-2.2,0
65.5,60.1,67.8,3.61,3,16.6,-6.7,2
57.8,40.6,66.6,3.52,1,6.5,-10.7,2
87.8,57.4,83.6,3.6,2,21.7,14.8,0
59.4,91.2,60.6,2.5,4,25.6,7.3,2
81.3,70.0,86.0,3.23,1,24.9,-11.4,0
70.6,89.5,42.8,2.58,4,23.0,5.9,2
66.0,48.8,97.9,2.04,0,34.1,-10.9,2
85.8,82.2,46.3,2.3,4,18.3,-7.9,2
68.6,80.4,32.2,2.16,5,26.8,-17.7,2
88.8,44.1,62.9,2.38,1,29.8,15.9,2
62.4,84.7,61.0,3.48,1,3.1,-2.0,2
76.1,97.0,63.1,3.36,1,12.3,-8.8,1
56.1,67.9,50.9,2.72,2,3.7,8.3,2
61.8,65.2,31.1,3.59,4,21.3,-5.2,2
89.2,67.6,71.7,2.74,0,5.0,-17.1,1
84.3,59.6,97.9,3.52,0,4.0,-7.2,0
56.3,53.5,98.7,3.58,2,27.0,15.3,2
86.7,41.2,56.4,3.45,4,10.3,-23.0,2
74.5,72.9,68.1,2.65,2,17.5,18.4,0
53.4,49.0,50.7,2.53,5,14.1,-25.0,2
81.0,61.1,73.4,2.64,3,4.1,23.4,1
59.5,79.6,83.6,2.31,2,11.3,-4.5,2
53.3,88.4,39.1,3.75,3,8.7,-0.7,2
51.6,77.2,57.2,2.98,1,22.6,4.5,2
53.5,94.0,44.6,2.98,2,31.4,-21.0,2
68.0,83.1,92.3,3.64,1,28.2,-22.1,1
91.7,44.5,45.1,3.04,5,5.3,-13.4,2
59.5,70.5,47.4,3.25,5,7.9,12.5,2
78.8,79.1,79.2,2.85,3,5.4,14.6,1
75.2,78.1,67.4,3.2,3,32.8,20.1,1
81.7,87.9,52.6,2.48,4,20.0,-6.2,2
68.0,66.2,97.2,2.0,0,3.1,-10.8,2
65.1,57.4,45.5,3.71,4,2.7,16.1,2
96.0,69.7,69.9,3.14,2,5.1,-2.0,0
79.1,53.5,86.8,2.18,0,15.2,20.9,1
86.2,86.0,42.1,3.65,2,24.8,3.8,1
86.5,73.4,35.5,2.11,6,27.4,-7.6,2
70.8,90.3,90.9,2.45,0,23.5,5.1,0
52.7,70.4,52.4,3.13,3,12.8,9.9,2
52.5,82.4,57.5,2.89,2,21.6,0.2,2
57.4,59.5,63.3,3.49,4,20.1,-11.9,2
75.1,84.9,39.1,2.27,4,20.5,-0.6,2
76.2,54.1,48.6,2.86,2,24.6,3.8,1
83.6,64.6,54.4,2.64,4,21.6,-23.8,2
91.1,86.6,73.6,2.88,2,32.5,-13.3,1
57.8,82.3,36.0,3.48,4,10.0,6.1,2
50.7,80.2,37.8,2.9,4,2.8,-14.5,2
60.2,70.3,48.1,2.97,2,26.1,-17.9,2
76.3,54.8,34.2,2.4,6,25.0,-11.4,2
82.7,40.5,57.2,2.54,1,30.1,8.0,2
82.5,53.4,56.6,3.95,1,5.3,-9.2,2
59.3,69.0,62.1,3.85,3,2.7,-12.6,2
57.9,60.1,54.6,3.25,4,9.8,23.9,2
90.6,76.3,91.5,3.78,1,28.9,-23.5,1
69.6,48.0,81.1,3.04,1,24.4,18.6,1
70.9,73.2,59.9,2.62,2,22.0,-2.5,1
77.1,86.4,90.4,2.62,0,25.3,1.2,0
71.5,92.7,83.9,3.31,0,20.6,-17.1,1
55.9,58.4,91.6,3.45,2,27.3,19.0,2
98.1,57.6,82.2,3.64,1,23.0,11.9,0
59.2,84.2,72.8,2.53,1,20.7,-13.5,2
61.5,41.5,35.6,3.56,6,6.4,17.3,2
92.6,68.5,39.6,2.39,3,3.1,13.2,2
96.3,95.1,45.6,3.34,3,8.7,-14.8,2
93.4,68.4,52.7,2.92,2,10.1,-4.8,0
80.4,87.8,80.4,2.79,0,33.0,3.6,0
91.4,42.5,99.7,3.04,2,15.1,11.8,1
75.8,76.6,33.5,2.58,5,15.1,-9.8,2
80.7,43.2,66.2,2.28,1,29.4,-2.4,2
59.0,74.0,92.6,3.09,0,15.0,-8.8,2
85.6,51.7,61.8,2.5,2,24.8,20.4,1
85.9,47.2,38.0,2.9,6,14.0,1.2,2
80.6,49.3,68.5,2.09,2,7.6,-8.2,1
58.1,48.4,83.8,2.1,3,12.2,11.5,2
94.9,95.7,30.2,3.53,6,2.4,-0.1,2
77.2,40.3,91.8,2.48,2,21.4,-1.2,1
50.3,91.2,49.5,3.26,3,29.1,-14.6,2
57.4,77.9,32.6,3.71,5,24.0,16.9,2
55.4,97.6,41.3,2.57,3,23.8,10.0,2
98.3,83.5,55.2,2.07,4,27.4,-8.9,2
92.2,43.8,63.0,2.24,4,30.4,-8.5,2
76.2,80.4,72.8,2.22,0,26.1,6.4,0
96.7,97.2,50.1,3.22,4,12.4,1.3,2
96.4,75.6,64.7,3.46,2,18.4,15.4,0
50.1,41.4,73.8,2.24,3,30.0,15.0,2
70.7,59.4,69.2,3.28,3,2.4,-14.9,2
65.0,71.9,83.7,2.23,0,13.0,-5.2,2
91.6,51.3,88.4,3.84,0,17.8,-1.3,0
81.4,91.7,67.6,2.67,1,27.9,-4.3,0
91.8,57.4,80.7,2.63,2,19.7,-14.6,1
67.7,96.2,49.6,2.06,3,34.5,6.3,2
78.5,62.6,71.7,3.73,2,26.8,10.3,0
54.3,90.9,56.0,3.66,2,12.0,1.3,2
55.6,85.5,84.4,3.83,3,16.6,-23.8,2
67.0,68.0,91.2,2.62,0,12.8,13.5,1
91.1,94.4,77.4,2.27,0,25.9,-2.0,1
84.4,74.5,36.1,2.93,5,3.5,1.0,2
51.1,84.0,74.7,2.42,2,8.6,-10.7,2
63.6,49.1,38.0,3.92,5,20.5,-19.9,2
77.5,55.7,96.0,3.61,1,20.9,-16.4,1
72.2,47.5,63.0,3.35,4,5.5,-22.3,2
69.6,80.9,92.4,3.26,1,24.8,-2.7,0
85.6,78.9,67.3,3.95,2,26.9,-1.7,0
54.6,86.5,78.9,2.19,3,12.2,7.2,2
57.2,92.0,48.1,2.73,4,8.1,20.9,2
89.4,91.2,61.7,2.06,4,17.7,-7.4,2
67.4,73.3,65.6,2.81,1,25.6,-19.7,2
89.6,70.9,58.1,2.83,4,22.5,2.4,2
90.7,74.3,84.9,2.87,1,28.0,2.2,0
58.7,78.8,81.8,3.42,3,29.6,-19.3,2
72.3,57.9,58.4,3.2,4,24.6,4.8,2
66.4,77.4,34.3,2.44,3,6.6,4.0,2
72.6,56.9,73.1,2.89,2,8.8,18.9,0
78.5,93.0,51.3,3.89,4,16.3,24.1,2
80.6,69.6,89.3,3.71,0,4.1,20.1,0
50.0,72.5,98.5,2.22,2,11.3,-23.4,2
65.9,62.2,56.7,3.09,2,23.9,-1.3,1
77.8,88.9,55.2,2.83,2,11.5,18.6,1
50.8,81.8,64.1,2.87,4,34.7,-20.8,2
93.0,91.8,78.7,3.86,3,22.6,-2.3,0
67.8,50.8,72.3,3.16,2,29.9,-13.2,2
70.5,71.7,55.7,3.96,1,20.7,10.2,1
54.0,82.4,66.8,3.72,1,26.8,-11.0,2
76.2,75.4,47.2,3.26,4,23.9,8.4,2
76.8,40.6,61.8,3.81,3,20.9,-8.4,2
98.0,86.3,50.2,2.07,4,32.5,12.5,2
58.5,43.0,99.3,3.62,0,22.6,-10.7,2
56.3,44.5,84.9,2.5,2,22.3,-11.2,2
58.7,74.3,40.6,2.89,3,28.7,-11.9,2
74.2,86.4,90.3,2.69,0,4.8,-17.7,1
70.6,62.2,76.2,3.45,2,7.5,3.9,0
52.7,55.3,87.4,2.11,2,17.3,-1.2,2
76.6,62.0,79.4,2.95,0,6.8,18.5,0
64.4,86.2,56.7,2.63,1,19.5,22.8,2
97.8,65.0,94.3,3.72,0,13.1,-11.6,0
62.8,73.9,62.3,3.35,2,10.0,8.6,1
99.7,58.2,30.7,2.02,3,4.2,-4.4,2
84.3,60.4,80.8,2.5,0,3.1,6.0,1
91.8,95.1,74.7,3.42,1,6.0,17.8,0
68.8,84.3,75.4,3.61,1,8.1,-19.5,1
96.8,77.0,94.6,2.55,1,16.1,20.2,0
62.9,85.3,49.4,2.12,4,14.8,24.8,2
72.0,68.5,95.0,3.22,0,7.9,-0.4,0
77.0,65.0,73.0,2.21,0,16.6,-12.1,1
62.5,65.9,92.8,2.3,2,23.1,21.6,2
63.3,80.6,93.3,3.15,2,19.0,22.0,1
86.4,87.1,34.9,2.45,6,14.7,9.5,2
56.1,71.0,99.4,2.67,0,12.0,-22.2,2
67.0,88.8,83.2,2.58,3,8.7,2.7,2
83.0,57.3,57.3,2.21,4,24.7,-0.7,2
59.7,81.7,71.5,2.98,2,4.1,2.0,2
75.0,96.0,86.8,3.93,1,2.5,-8.0,1
55.9,86.8,76.7,2.92,1,24.4,18.7,2
87.1,53.5,35.0,3.47,3,18.1,-24.0,2
50.7,76.7,93.3,3.64,0,5.2,5.6,2
90.9,46.2,64.8,3.6,4,9.3,15.2,2
86.9,63.3,38.5,3.37,4,20.0,-8.9,2
88.2,74.4,53.5,2.24,4,6.7,-4.2,2
96.3,42.4,37.0,3.69,3,22.2,13.9,2
94.0,44.7,30.5,3.85,5,25.3,4.7,2
88.6,80.2,44.4,3.28,3,19.3,-4.4,2
80.5,42.2,42.6,3.0,4,33.4,6.4,2
61.8,46.8,67.1,2.19,2,13.9,13.1,2
73.2,76.3,44.6,2.11,5,5.7,-17.5,2
96.1,43.1,55.5,2.42,4,10.3,5.8,2
52.2,82.9,94.7,2.35,0,27.9,-0.7,2
72.2,73.6,59.3,3.49,1,31.6,-13.5,1
66.3,45.7,81.6,3.74,3,14.4,-14.0,2
71.8,52.5,72.7,2.36,1,14.3,-2.1,1
81.6,96.6,44.2,2.25,3,24.8,-22.0,2
70.9,84.1,45.4,2.59,3,7.2,14.7,2
78.9,72.1,46.1,2.82,3,19.2,18.1,2
64.0,82.3,81.5,2.49,1,12.8,4.0,1
95.7,92.1,59.2,2.09,1,34.7,11.7,1
90.5,80.4,36.9,2.99,6,4.7,12.7,2
97.5,47.7,50.7,3.3,4,5.0,-1.0,2
78.5,73.9,98.3,2.93,0,6.6,10.2,0
89.5,61.5,62.5,3.27,3,30.4,-21.5,2
87.6,80.5,72.9,3.15,2,8.8,9.2,0
86.8,43.2,96.2,3.35,1,31.3,-19.5,2
68.3,77.6,79.3,3.12,2,27.5,-18.1,1
61.9,46.6,63.5,3.88,2,21.1,23.0,2
66.0,92.1,65.2,2.85,4,3.8,-6.4,2
74.3,70.5,38.6,3.42,5,24.4,1.6,2
83.7,80.2,98.5,3.77,0,8.2,19.2,0
54.0,92.1,50.2,3.91,3,5.6,-11.2,2
76.0,76.4,50.5,3.94,4,19.9,-18.4,2
71.0,82.8,31.5,2.38,5,2.7,15.1,2
82.3,58.9,71.5,3.39,2,29.8,-2.7,0
78.4,92.1,51.5,3.58,4,9.5,-6.4,2
67.7,66.4,41.6,3.85,3,25.5,-10.7,2
92.0,80.2,76.6,2.31,2,9.9,-22.9,1
68.5,51.9,79.5,3.33,3,34.3,-17.6,2
77.0,49.4,51.1,3.84,3,15.4,-0.0,2
57.8,96.3,68.2,3.01,3,23.4,-10.2,2
98.5,83.7,99.6,3.33,2,28.4,11.4,0
73.9,42.3,77.5,2.23,1,2.8,5.9,2
72.3,45.4,33.9,3.28,5,21.3,-13.9,2
92.5,79.3,97.0,3.95,0,15.0,-0.5,0
95.4,60.9,40.4,3.71,4,14.2,-6.4,2
72.3,72.5,45.1,3.78,5,26.5,-4.2,2
64.4,86.7,97.9,2.85,0,31.6,-18.0,2
99.4,70.5,53.5,3.87,2,21.5,-6.2,1
70.5,93.0,59.0,3.11,2,25.4,12.8,1
64.5,68.5,87.6,2.6,2,21.3,-0.3,1
61.2,85.9,40.8,2.6,2,23.1,6.8,2
70.9,68.5,78.1,2.49,0,5.9,-11.1,1
79.9,61.0,63.6,2.87,1,10.5,9.3,0
50.9,55.1,70.7,2.29,2,17.2,9.7,2
58.2,55.8,59.4,3.82,1,13.7,-10.5,2
59.2,45.5,82.7,3.09,2,30.8,16.3,2
63.6,80.5,55.4,3.07,2,13.6,-17.8,2
74.2,59.7,93.8,2.2,0,7.1,-13.9,1
89.8,72.4,78.3,3.9,0,29.9,10.6,0
55.8,47.6,31.2,2.7,6,24.8,-18.0,2
94.5,74.7,83.5,2.68,0,25.4,-23.6,1
57.1,53.1,38.8,2.26,3,4.6,9.5,2
53.9,84.9,83.0,2.09,0,5.6,14.7,2
52.2,57.5,30.7,2.19,4,6.1,5.1,2
59.2,60.4,36.4,3.69,5,33.1,22.4,2
89.0,75.6,65.3,2.14,2,29.0,13.2,1
85.8,95.9,42.0,3.51,3,2.1,11.3,2
73.7,80.5,43.0,3.35,5,5.5,16.7,2
71.2,69.8,58.5,3.52,2,12.4,-1.7,1
64.4,81.9,35.8,2.99,5,14.7,-2.2,2
84.4,88.8,45.8,2.81,2,34.5,-3.6,1
97.0,61.3,30.9,3.35,3,24.2,-5.2,2
56.0,62.9,78.7,3.96,1,26.5,19.6,2
66.9,74.5,99.3,2.25,1,29.7,11.3,1
88.2,84.4,71.6,3.51,2,28.4,22.2,0
70.2,68.1,49.5,3.54,5,5.6,-12.5,2
61.5,94.7,32.1,3.48,3,29.4,-0.1,2
84.0,48.9,73.5,2.19,3,4.5,12.6,2
89.6,51.7,76.3,2.98,0,10.6,-7.8,1
71.5,93.1,56.9,2.63,1,14.4,-2.0,1
58.8,78.2,84.6,3.77,2,7.4,-3.5,1
55.5,79.2,76.2,3.37,1,20.9,-1.2,1
75.3,62.7,64.6,3.94,3,22.4,-7.4,1
52.3,88.5,54.4,3.48,4,2.9,19.6,2
69.0,64.8,99.4,2.82,0,3.9,-12.8,1
95.5,43.8,51.3,2.68,5,2.7,-8.7,2
82.9,64.5,66.0,2.84,1,2.7,-1.5,1
69.5,73.2,86.6,2.2,1,24.3,-8.2,1
58.3,57.4,97.9,2.4,0,23.0,23.7,2
64.4,42.8,99.7,2.8,0,9.5,12.1,2
85.9,73.5,71.4,2.55,3,20.7,1.6,1
82.6,57.5,86.3,2.87,2,19.8,-15.0,1
62.6,69.9,77.0,3.1,1,31.1,6.4,1
98.1,83.0,62.7,3.87,4,19.6,5.7,1
96.7,82.1,34.2,2.4,5,17.3,-13.0,2
93.0,92.8,74.4,3.69,1,10.8,-10.6,0
62.8,74.9,58.4,2.23,3,8.3,-12.7,2
71.8,77.5,32.6,2.32,5,6.5,-12.1,2
82.9,50.2,89.7,3.93,0,18.0,-24.0,2
53.2,95.4,92.8,3.34,0,31.2,-5.2,2
61.8,73.1,65.0,2.24,3,23.9,4.0,2
80.0,84.8,51.9,3.66,3,26.3,15.3,2
96.8,52.6,37.5,2.43,3,11.1,-4.6,2
97.4,58.4,59.7,3.37,2,33.8,19.0,0
68.1,81.5,87.5,2.04,0,33.9,5.3,1
62.0,72.1,51.6,3.92,2,14.0,15.6,2
76.7,53.7,61.0,2.02,3,33.7,21.4,2
87.8,57.3,90.2,2.32,2,16.5,-9.1,1
89.5,55.9,35.6,3.56,5,18.2,11.8,2
91.0,87.8,78.9,3.01,2,13.6,5.1,0
72.7,41.6,33.6,3.28,4,22.8,14.6,2
65.3,73.4,37.8,2.5,4,25.5,13.4,2
92.3,79.8,85.5,2.64,1,17.8,11.8,0
66.4,56.3,35.9,2.74,4,15.0,-6.1,2
51.0,41.3,69.1,3.22,4,9.5,-20.6,2
58.4,63.3,60.0,2.52,1,4.9,-6.6,2
50.7,70.5,84.1,3.86,1,29.3,-0.3,2
93.1,85.4,50.2,2.99,3,6.3,17.8,2
99.8,56.4,77.4,2.84,2,15.5,-17.7,1
72.5,54.4,70.8,3.29,2,4.8,-1.6,1
98.7,63.1,44.9,2.77,2,16.0,4.9,1
66.6,53.6,93.6,3.99,0,33.0,23.4,1
50.3,69.3,56.7,3.96,1,24.2,-18.4,2
75.2,94.0,91.5,2.26,0,12.5,1.5,0
63.0,58.2,98.5,3.0,1,34.1,-10.9,2
93.8,75.6,83.3,2.53,2,12.3,19.6,0
86.8,68.5,96.5,3.11,2,32.5,6.8,0
61.5,42.1,48.2,3.41,5,16.4,24.8,2
52.0,60.7,79.6,2.97,1,18.3,17.3,2
93.4,50.5,41.8,3.02,3,11.0,19.5,2
79.2,96.4,66.8,3.14,4,15.7,-21.2,2
51.3,79.5,77.6,2.79,2,21.5,22.6,2
57.7,44.7,88.1,3.32,0,17.0,22.8,2
81.1,66.3,96.3,4.0,0,31.9,14.9,0
60.6,42.8,75.1,2.65,3,3.8,-21.5,2
62.0,84.7,57.9,2.04,4,8.9,-5.6,2
64.2,83.6,75.8,2.24,2,18.2,-3.4,2
68.0,45.6,55.7,2.4,3,16.7,-5.6,2
78.2,64.5,83.0,3.62,3,22.3,-3.3,1
98.7,79.2,75.3,3.43,0,32.7,1.4,0
64.5,65.4,93.5,2.96,1,6.9,-18.6,2
64.8,42.8,35.4,2.09,3,5.6,-3.8,2
73.2,81.8,86.9,2.71,0,21.3,13.4,0
59.0,50.6,57.5,2.17,4,30.9,-10.1,2
87.9,66.1,86.5,2.68,0,32.3,15.5,0
80.2,90.6,37.4,3.07,4,2.2,-19.2,2
82.8,66.7,58.4,3.32,3,26.6,11.3,1
68.0,79.1,78.3,2.79,0,12.0,-18.7,1
59.5,87.3,78.7,2.38,1,2.9,-0.9,2
81.3,85.8,43.4,2.6,2,17.3,-1.3,1
55.8,92.3,81.7,2.89,3,18.0,-24.0,2
78.5,88.4,33.6,2.02,6,22.8,10.7,2
92.4,82.8,71.7,3.11,3,11.6,-0.6,0
96.8,92.5,90.7,2.46,1,4.0,-24.0,2
77.7,55.5,75.4,3.78,2,5.9,6.1,0
58.1,82.1,62.8,2.88,3,18.8,4.4,2
96.1,89.5,80.1,2.94,3,31.1,11.1,1
83.7,82.6,85.7,3.6,1,29.9,6.1,0
84.5,45.0,63.8,2.35,4,7.2,-0.4,2
61.7,72.3,99.9,2.72,0,10.6,8.8,1
91.4,91.9,32.2,2.13,3,16.2,5.9,2
99.7,85.5,83.9,3.54,0,20.4,19.8,0
85.3,93.7,60.6,2.91,1,29.8,-19.5,1
92.9,45.9,69.4,3.01,2,7.5,-19.1,2
95.5,49.1,50.4,2.88,2,18.7,11.6,2
91.0,47.1,44.1,3.94,5,27.4,-24.7,2
67.1,69.3,36.0,2.74,4,26.9,-7.0,2
71.1,53.2,86.1,2.83,1,15.5,-2.1,1
97.2,65.7,83.9,3.44,2,19.1,-21.5,1
58.2,43.6,83.1,3.32,0,23.2,20.1,2
98.9,96.8,85.9,3.75,1,34.1,-4.0,0
67.2,88.0,93.0,3.22,0,6.8,-4.8,0
94.4,76.2,73.3,2.88,3,13.4,15.6,1
54.2,71.2,57.3,3.44,3,31.0,1.0,2
60.7,69.7,51.9,2.68,4,23.0,-23.8,2
86.3,97.2,37.7,2.12,5,14.3,6.3,2
56.2,83.9,95.9,2.9,1,20.9,-24.7,2
99.5,72.8,92.6,3.26,1,19.6,4.8,0
65.0,78.7,87.1,3.15,0,6.6,-6.1,1
59.6,85.2,61.8,2.29,1,16.0,-4.4,2
53.1,91.5,63.3,2.89,4,14.2,1.3,2
81.8,97.8,78.2,3.9,1,26.1,-4.2,0
57.2,47.4,79.8,2.26,0,25.2,18.2,2
51.6,49.1,69.1,3.84,1,5.9,17.6,2
56.0,73.2,32.8,2.31,5,14.3,24.6,2
57.1,85.5,59.5,3.87,2,12.1,-10.8,2
91.0,68.4,38.6,2.7,5,30.7,-4.1,2
89.1,67.6,80.4,3.21,3,27.1,0.2,0
88.1,78.7,40.4,3.46,5,4.9,6.2,2
66.9,42.7,76.9,2.89,1,11.2,-20.6,2
85.4,73.2,85.7,3.41,0,20.5,-18.8,1
78.8,43.1,69.9,2.38,1,17.7,19.8,2
82.9,70.8,97.4,2.55,2,8.8,16.5,0
66.0,74.2,64.4,3.87,1,13.2,-16.0,2
93.0,58.4,48.0,2.23,3,5.3,-16.6,2
57.7,95.2,77.5,2.12,0,33.7,-15.9,2
64.9,45.7,40.0,3.79,3,10.5,22.1,2
79.9,53.7,65.6,3.01,3,33.3,-11.5,2
73.2,63.6,63.9,2.81,3,9.7,19.3,1
55.1,84.3,75.6,2.25,1,20.8,-2.7,2
89.1,48.3,67.8,2.34,4,10.1,22.6,2
98.1,76.0,75.7,2.33,2,4.0,21.1,1
79.9,88.7,56.6,2.7,3,22.9,4.3,2
78.2,57.4,57.7,2.25,3,6.6,2.8,2
93.9,52.2,65.3,3.6,3,31.2,22.3,2
63.7,78.4,52.5,2.42,3,33.6,-8.6,2
82.3,40.1,63.4,3.8,4,24.2,-4.3,2
89.4,77.6,35.4,2.06,3,29.5,8.6,2
67.6,87.1,87.9,2.72,0,7.8,13.4,1
59.6,40.5,82.0,3.52,1,24.5,10.5,2
54.5,75.6,51.2,3.44,4,9.7,-0.3,2
85.2,75.1,30.5,3.97,5,23.1,-19.5,2
78.5,68.7,68.6,3.32,2,20.7,9.1,0
53.3,55.1,69.9,2.46,2,19.3,14.1,2
92.4,41.3,97.9,3.36,2,22.3,9.0,1
83.7,77.7,89.8,2.65,0,29.9,-4.7,0
84.0,67.1,55.3,3.52,3,31.2,-13.8,2
65.8,62.7,53.4,3.76,3,28.7,24.5,2
98.9,64.6,35.2,2.5,3,7.4,-9.5,2
51.2,86.2,95.5,3.68,1,10.2,-1.3,2
91.6,87.7,66.4,2.47,4,4.4,5.0,2
78.9,45.0,34.2,2.07,3,12.3,17.4,2
89.1,43.6,86.2,2.11,0,22.2,-3.4,2
64.7,62.1,36.7,3.5,3,9.7,5.0,2
72.7,66.9,60.0,3.24,1,5.3,7.5,1
59.6,46.0,71.7,2.14,1,28.1,-15.3,2
81.9,54.9,59.5,3.45,1,16.7,-12.8,2
71.8,95.7,82.8,2.62,1,31.2,13.8,0
73.5,75.0,50.4,3.94,3,19.1,7.9,2
91.8,89.8,59.5,2.39,1,8.6,20.4,1
67.1,78.7,78.6,3.96,2,21.8,-8.4,1
58.1,66.3,85.2,2.08,0,9.2,-24.8,2
84.7,67.1,44.9,2.96,5,27.4,15.7,2
99.5,61.0,35.2,2.06,4,5.8,-10.5,2
81.6,92.9,55.2,3.95,2,8.6,-10.8,1
67.0,72.2,42.5,2.04,2,29.8,20.5,2
91.6,48.0,75.8,3.77,3,13.2,-14.5,2
83.0,94.6,98.4,4.0,0,31.1,18.9,0
55.9,91.2,39.2,2.38,5,19.6,9.7,2
62.2,42.7,73.1,2.38,2,19.7,14.5,2
62.4,76.5,49.6,2.25,5,18.8,4.2,2
73.5,78.5,34.5,3.02,5,26.8,7.3,2
74.9,66.9,52.5,2.75,5,24.9,10.8,2
81.9,85.9,75.5,2.41,1,31.5,-2.4,0
69.8,57.7,92.2,3.14,0,32.9,-6.3,1
72.2,60.4,70.9,2.93,3,22.5,-3.7,1
71.6,61.3,64.8,2.55,3,2.8,-2.9,2
54.1,88.9,65.9,3.29,1,27.9,21.3,2
55.9,60.9,68.2,2.67,3,24.3,-12.5,2
56.9,89.6,80.1,3.09,2,10.6,13.5,2
91.1,85.4,58.3,2.81,4,21.1,7.8,1
97.6,90.2,45.9,3.45,5,8.9,-13.3,2
86.1,66.8,85.4,2.63,2,8.2,13.5,0
77.9,61.7,70.4,2.26,2,33.1,-24.5,2
67.0,64.3,78.0,2.81,2,27.7,1.9,0
51.6,48.1,98.4,3.99,2,20.8,15.0,2
99.0,51.8,57.3,3.07,4,8.2,-19.6,2
58.6,79.1,42.4,3.65,3,21.9,-23.7,2
53.5,95.9,49.9,2.47,2,23.8,-21.5,2
66.3,92.8,57.4,3.98,1,6.3,-4.1,2
69.4,92.4,44.5,3.74,5,12.2,15.9,2
65.5,51.8,80.2,2.92,3,8.7,24.6,2
53.2,63.2,86.5,3.05,2,32.0,19.0,2
54.6,77.5,94.3,2.69,2,29.8,14.6,2
80.7,87.0,42.3,2.5,5,31.7,11.7,2
84.9,45.5,78.9,2.09,2,31.2,-17.1,2
83.3,43.9,80.9,3.8,0,32.0,-4.4,1
55.3,84.5,52.8,2.9,5,10.3,0.3,2
51.3,77.1,77.3,2.92,1,13.3,-5.0,2
55.7,93.2,52.9,3.5,3,18.0,-21.6,2
85.7,65.4,63.0,2.56,1,7.3,16.9,1
87.1,49.8,77.0,2.02,1,11.0,-3.0,2
60.8,42.0,77.3,2.43,0,25.0,16.8,2
52.6,40.3,84.1,3.53,1,32.7,-6.3,2
60.0,40.9,32.0,2.03,3,29.1,9.0,2
89.8,88.2,41.8,2.33,4,15.7,-19.6,2
66.1,76.4,73.7,3.87,1,15.0,-3.6,1
58.7,63.3,52.1,2.78,4,17.1,-21.7,2
82.5,61.4,34.7,2.44,3,12.0,4.9,2
96.1,73.0,47.6,2.19,5,12.7,6.5,2
83.9,96.4,78.6,2.66,2,23.0,19.2,0
53.4,41.0,93.8,2.9,0,18.9,12.1,2
61.6,75.7,92.8,2.62,0,26.4,12.9,1
64.8,48.8,44.3,2.08,5,32.5,4.9,2
87.0,59.1,49.5,3.29,5,27.1,1.0,2
51.2,89.1,53.2,2.48,3,19.8,20.3,2
90.1,80.4,45.6,3.75,2,19.2,-15.8,2
97.7,43.0,99.4,3.88,0,6.1,-16.3,2
61.8,44.5,80.7,2.62,1,25.8,-12.8,2
78.8,96.1,44.1,3.72,4,17.9,22.6,2
69.9,49.7,60.9,3.01,4,26.3,13.0,2
92.7,84.0,94.5,3.19,1,7.0,11.3,0
69.0,57.7,49.8,3.12,5,17.9,-8.3,2
50.2,90.0,81.1,2.75,3,15.4,-4.2,2
98.5,61.6,64.3,3.28,1,21.4,-4.6,0
96.6,49.4,83.4,3.91,2,27.5,12.6,1
75.5,68.3,78.2,3.39,1,23.5,21.3,0
90.7,76.6,77.3,3.39,3,23.3,-11.9,1
97.2,48.5,47.3,3.16,2,23.9,-16.9,2
95.8,63.1,71.0,3.8,3,19.1,-15.6,1
58.3,64.8,78.4,3.0,2,19.6,19.3,1
96.2,90.4,37.6,3.15,5,28.3,15.7,2
87.4,93.9,57.9,2.62,1,34.6,15.8,1
70.9,64.2,50.2,2.86,3,7.8,-15.7,2
59.9,50.6,96.4,2.9,0,28.9,-15.7,2
59.6,97.0,91.0,2.88,0,32.1,-19.5,2
54.0,45.0,38.7,2.13,6,3.0,-13.3,2
53.1,83.6,30.5,3.16,3,34.6,-20.2,2
68.8,70.2,97.3,2.53,2,18.0,12.8,0
67.2,58.3,46.8,2.72,4,15.1,5.5,2
93.7,86.8,30.2,3.74,4,15.3,16.8,2
76.5,95.2,82.6,2.5,3,16.9,9.3,1
75.7,78.3,30.2,3.28,5,33.1,-8.9,2
86.8,79.3,46.3,2.97,4,26.4,14.7,2
71.4,94.0,95.2,3.97,2,30.3,20.3,0
57.2,70.2,70.0,3.71,1,18.7,-18.6,2
65.1,79.0,68.4,3.75,1,7.5,-2.7,1
62.2,49.9,96.1,3.4,0,5.5,24.7,2
58.0,93.9,93.2,3.53,2,9.3,-12.1,2
83.3,93.5,74.3,2.98,1,28.3,-8.4,0
96.6,84.4,72.0,3.29,3,14.4,10.9,0
98.3,65.3,46.3,2.52,4,11.6,-19.4,2
87.0,94.4,82.1,2.23,3,14.1,17.7,1
53.1,71.1,89.3,3.96,0,12.5,-6.7,2
76.0,74.9,45.5,2.79,3,19.8,-2.0,2
60.9,79.4,40.3,2.57,2,26.7,17.5,2
79.9,57.9,99.3,2.25,2,34.9,10.3,0
64.6,96.1,34.1,3.62,4,7.0,10.8,2
85.0,43.0,90.6,2.36,0,18.1,-5.4,2
66.9,79.3,99.3,3.52,1,14.9,1.4,0
64.1,93.5,79.1,3.1,0,5.2,-8.8,2
72.9,49.5,39.6,3.39,4,11.6,-17.8,2
90.2,51.3,75.6,2.72,1,30.3,-19.9,1
84.0,49.8,33.9,2.71,3,17.6,22.3,2
99.0,77.7,71.5,3.94,0,22.7,-4.8,0
65.1,74.6,42.1,3.49,2,27.6,24.6,2
88.9,90.2,75.5,2.55,0,23.6,-6.6,0
82.1,92.7,45.7,3.17,2,34.6,-1.0,1
89.7,50.5,63.9,3.29,1,16.3,3.6,1
93.1,71.2,58.4,3.4,4,15.0,15.9,2
53.2,88.6,67.7,3.64,2,23.5,12.7,2
59.0,74.7,42.6,3.11,3,28.4,-18.8,2
78.8,77.9,36.1,2.51,3,26.9,-20.8,2
77.2,64.5,96.2,2.0,1,11.9,22.3,1
83.0,65.8,70.4,3.39,2,19.2,24.3,0
84.4,78.4,33.1,2.07,4,6.7,17.8,2
97.9,74.9,45.1,2.72,2,6.2,6.1,1
82.5,49.5,61.9,3.89,2,24.3,22.0,1
76.8,44.1,81.3,3.99,2,25.0,-15.4,2
75.6,49.5,87.5,2.63,0,28.0,-6.1,1
53.9,47.2,37.7,3.1,5,4.2,7.0,2
57.3,86.3,49.2,2.2,2,34.3,-13.9,2
89.1,47.2,66.9,3.75,1,21.4,15.3,1
93.3,72.0,72.5,3.79,3,7.6,22.3,1
59.0,86.8,77.4,3.58,3,20.2,19.1,2
50.5,69.8,40.9,2.25,2,14.5,11.8,2
95.9,77.1,55.9,3.56,4,24.4,-4.1,2
89.9,69.1,49.3,2.86,3,33.1,19.1,2
65.3,89.8,96.3,2.81,0,12.3,-20.5,2
54.7,73.4,35.9,2.57,3,32.7,15.4,2
98.1,64.6,65.6,3.46,1,17.8,0.8,0
95.5,83.3,80.0,3.41,0,26.7,-12.8,1
80.4,95.9,77.2,3.76,0,19.3,-13.7,0
67.7,43.0,64.7,2.34,2,34.0,-8.1,2
91.6,89.3,90.0,2.58,0,17.9,-11.8,1
60.9,57.7,95.3,3.29,2,29.2,-23.2,2
94.6,89.2,34.0,2.01,3,17.2,-10.1,2
59.3,60.6,37.1,2.98,4,4.8,0.7,2
70.5,93.0,30.5,3.54,5,10.3,-1.5,2
59.1,87.1,37.6,2.88,5,29.7,-16.9,2
87.4,40.3,91.9,3.42,0,5.7,-10.8,2
95.0,49.3,43.9,2.96,5,24.0,-11.7,2
74.5,68.7,77.7,2.25,3,26.8,14.0,1
92.2,62.6,37.7,2.22,3,2.7,-17.2,2
88.4,53.7,77.5,2.68,3,34.2,11.9,1
54.1,64.9,73.2,3.46,0,8.2,-10.9,2
93.2,97.7,47.3,3.64,2,8.5,10.3,1
59.1,97.6,71.4,3.27,0,9.6,-18.4,2
63.7,51.1,40.2,2.04,5,8.6,18.2,2
81.7,53.4,53.5,2.96,4,18.8,7.2,2
55.5,61.1,96.0,3.42,0,10.1,19.8,2
87.2,52.3,63.0,3.82,4,5.3,-15.8,2
68.2,57.7,36.8,2.03,5,20.2,18.1,2
87.1,74.2,72.3,2.48,0,11.1,4.2,0
94.4,47.6,82.0,2.24,1,21.4,20.6,1
54.9,94.6,73.3,2.6,1,17.6,13.0,2
52.2,51.1,68.5,2.51,3,30.9,17.7,2
85.9,92.8,34.7,2.84,3,32.7,0.2,2
58.3,55.9,97.7,2.58,0,33.5,-22.0,2
84.2,90.5,98.0,2.33,2,26.8,-5.8,0
70.0,55.7,42.9,2.32,5,9.2,9.8,2
62.9,89.4,50.7,2.54,3,5.9,-13.8,2
64.6,77.1,95.9,2.56,0,6.4,18.7,1
91.2,71.0,30.1,2.69,3,22.0,-6.5,2
97.3,91.3,48.5,2.27,2,31.6,-10.3,2
67.8,82.4,49.6,2.51,2,2.5,7.9,2
86.1,79.9,96.2,2.51,0,22.7,5.2,0
63.4,73.7,86.5,3.51,2,7.1,-13.4,2
68.4,92.3,36.6,2.36,4,8.1,18.1,2
59.0,56.4,51.7,3.77,3,29.0,9.4,2
53.5,44.2,47.2,3.82,3,34.0,-20.0,2
80.2,61.9,31.5,3.65,3,27.2,7.2,2
56.6,84.7,48.7,3.88,2,21.8,14.6,2
86.8,59.6,79.5,2.4,3,17.9,3.1,1
90.8,57.8,63.5,2.49,1,19.9,-11.6,1
77.2,45.9,92.1,2.83,0,2.0,-13.8,2
71.4,48.5,75.9,2.45,0,31.0,-5.8,1
61.2,95.5,49.7,2.15,2,13.0,-7.0,2
94.8,75.1,42.5,3.06,3,21.8,9.0,2
81.2,56.6,91.3,2.54,1,18.5,-6.5,0
90.5,81.3,35.3,2.0,4,32.8,-17.6,2
86.1,85.6,63.5,2.13,3,21.1,23.0,2
57.2,58.7,38.9,3.54,6,13.6,-0.3,2
89.7,59.3,86.1,3.31,2,10.1,-4.1,0
76.9,68.6,67.5,2.46,2,4.8,10.7,1
50.1,97.6,31.2,3.12,3,33.6,21.0,2
95.6,60.9,89.5,3.56,2,6.6,-2.0,0
52.8,48.0,97.3,3.41,2,14.5,-23.7,2
68.6,80.7,76.4,2.15,0,29.6,18.5,1
62.3,40.7,88.2,2.83,0,27.3,-1.5,2
87.4,80.5,51.0,2.82,2,13.1,14.1,1
94.1,41.9,82.6,3.01,3,2.4,16.6,2
77.7,88.1,94.3,3.0,0,25.4,-3.8,0
68.9,95.2,82.0,2.8,0,3.8,-5.4,1
90.8,67.2,51.9,3.28,4,29.3,-16.8,2
55.4,44.5,72.2,3.69,0,2.9,-10.9,2
53.3,74.6,83.0,2.62,0,20.2,6.9,2
78.5,42.6,99.1,2.97,1,3.6,-20.3,2
50.4,60.7,49.8,2.8,4,8.4,12.6,2
54.9,63.6,81.9,2.2,3,28.6,-17.5,2
73.8,90.4,32.6,2.32,3,24.5,-21.1,2
60.8,79.5,39.9,3.44,5,34.8,0.1,2
72.4,47.6,50.4,3.25,5,33.0,-23.0,2
80.3,95.6,69.7,3.99,3,5.2,-24.3,2
77.4,96.2,84.7,2.17,2,5.1,-9.3,1
68.2,45.2,42.5,3.54,4,10.5,-1.3,2
88.2,65.6,94.7,3.88,1,34.1,-0.6,0
92.9,93.2,39.0,2.73,5,29.9,22.6,2
54.2,64.0,61.5,3.75,1,34.7,-22.9,2
91.1,40.5,89.7,2.58,0,7.2,-5.0,1
61.2,90.7,76.8,2.7,3,17.5,1.8,2
55.4,95.7,57.8,2.87,3,15.3,-21.8,2
99.8,68.2,79.2,2.95,1,11.2,-23.1,1
60.7,73.0,99.1,3.55,2,4.1,15.4,1
98.9,52.4,44.8,2.05,4,27.0,-3.9,2
53.5,63.5,50.9,3.42,4,30.8,1.2,2
59.2,43.1,92.6,2.86,0,33.8,-10.2,2
73.8,80.0,41.2,3.39,5,13.7,9.6,2
91.2,72.5,92.6,2.4,0,25.8,3.9,0
96.9,83.1,81.6,2.63,1,7.0,-2.1,1
75.0,58.4,85.4,3.35,2,10.7,11.1,0
81.7,77.1,70.5,2.07,1,26.6,-15.6,1
80.0,52.5,44.7,2.38,4,24.4,22.8,2
94.8,69.1,90.7,3.4,2,23.4,-2.2,0
67.6,88.0,59.8,3.95,4,13.1,21.3,2
79.7,71.5,56.7,3.69,3,24.7,-3.1,2
85.1,94.4,93.4,2.2,0,4.9,16.9,1
70.6,68.8,82.6,3.85,0,5.3,-2.8,0
83.4,89.4,44.8,3.55,5,20.2,-19.3,2
89.7,66.9,93.6,3.29,1,27.9,-5.2,0
89.1,69.4,48.7,3.32,5,12.1,20.1,2
95.5,41.9,31.8,3.58,5,29.7,0.9,2
66.8,95.6,99.5,2.48,2,34.1,-15.4,2
78.9,47.5,74.5,3.95,1,7.7,20.2,0
71.9,45.8,86.1,3.01,1,22.8,14.2,1
66.1,45.4,31.8,2.02,3,27.4,-17.3,2
78.6,41.5,81.4,3.97,1,22.9,13.9,1
64.8,71.1,47.2,3.56,2,27.9,13.5,2
63.7,94.2,73.9,3.28,3,21.1,-19.8,2
57.1,55.2,42.6,2.15,3,29.9,20.6,2
69.5,68.5,31.5,2.15,6,33.7,-21.2,2
95.4,86.9,42.6,2.02,2,7.9,3.4,2
55.9,59.9,54.3,3.99,4,21.8,-24.7,2
51.5,41.3,65.8,2.3,2,30.6,-19.3,2
51.5,48.0,35.8,3.38,4,6.2,-11.3,2
77.6,57.1,82.2,2.99,1,18.9,-5.0,0
62.5,51.5,89.2,3.43,1,33.7,-19.9,2
86.1,65.1,61.2,3.19,1,11.0,-9.1,1
80.4,64.9,69.7,2.75,2,22.9,-21.8,1
62.7,63.8,72.3,3.75,3,33.4,1.5,2
51.5,50.4,52.6,3.58,4,13.8,-21.4,2
56.1,58.5,30.8,2.66,4,17.4,14.8,2
78.1,62.4,72.1,3.05,0,5.4,-11.1,0
84.1,65.2,86.9,2.4,0,3.6,-0.3,0
99.5,64.4,38.7,2.34,3,12.8,-5.9,2
92.8,97.3,93.8,2.57,0,29.8,-4.9,0
66.9,40.9,62.9,3.66,3,15.7,-10.0,2
77.8,58.2,72.9,2.79,0,25.0,-2.3,0
92.2,94.4,37.2,2.45,5,29.2,-18.1,2
61.3,45.1,80.7,3.62,0,28.9,1.9,2
96.7,90.3,48.2,3.57,2,5.7,22.4,1
89.6,62.0,78.9,3.85,2,21.3,-19.0,1
93.1,83.7,92.1,3.93,0,15.6,-2.7,0
73.9,68.4,49.6,3.55,4,17.9,-20.4,2
85.6,60.5,88.5,2.48,0,23.4,17.8,0
60.6,78.9,62.8,2.77,3,18.1,-8.0,2
88.0,58.1,61.8,2.31,2,18.6,20.7,1
72.6,76.0,44.2,2.8,4,4.3,-3.8,2
97.6,73.5,37.1,2.92,3,5.5,-19.5,2
51.4,78.4,61.7,2.53,4,32.6,-20.8,2
60.6,63.0,60.2,2.67,1,16.6,-6.5,2
71.1,57.1,58.2,3.19,4,19.5,-0.3,2
55.5,42.9,47.4,2.22,4,5.8,19.8,2
63.8,91.2,79.0,2.81,2,15.0,-14.0,2
74.8,49.9,44.3,3.27,2,25.3,-10.6,2
85.0,67.7,51.4,3.81,2,9.9,-9.2,2
58.3,59.3,61.9,3.92,1,24.0,-3.6,2
53.8,79.4,89.7,3.19,2,34.0,4.2,2
93.7,67.4,33.2,2.03,4,24.4,-10.5,2
57.3,45.4,51.3,3.47,4,16.9,11.7,2
83.2,54.7,62.1,3.66,4,11.9,-8.3,2
86.4,41.2,98.5,3.71,2,23.8,-17.9,2
51.5,73.5,78.7,2.86,3,8.8,-20.5,2
93.9,79.4,92.9,2.9,1,33.6,1.3,0
95.5,60.2,53.2,3.18,3,33.2,-11.2,2
67.2,75.5,60.3,2.91,3,33.9,14.6,2
55.5,40.5,94.9,2.29,1,24.5,1.2,2
65.2,56.7,86.0,2.03,0,3.4,-10.8,2
52.7,57.7,60.1,3.32,3,2.0,-12.4,2
75.1,95.6,69.3,3.91,2,25.5,-17.9,1
71.6,93.3,50.4,2.06,5,32.8,-12.6,2
54.9,55.2,51.1,2.62,4,20.6,8.9,2
90.2,48.1,83.7,2.5,2,15.7,-15.0,2
81.4,71.7,56.3,3.75,4,16.4,-18.1,2
84.7,69.2,78.0,2.72,3,13.7,-1.7,0
51.3,84.5,36.2,2.28,5,31.9,14.3,2
56.4,71.5,69.6,2.59,4,26.9,-5.4,2
88.1,70.0,88.7,2.17,0,10.9,24.3,0
66.7,45.6,50.3,2.96,2,12.9,-22.0,2
78.1,96.1,39.5,3.79,5,23.1,-17.3,2
86.0,94.3,86.4,3.25,0,8.6,-21.6,1
54.8,51.8,63.2,3.67,1,16.6,-22.2,2
65.0,68.1,42.9,2.47,5,30.0,-12.0,2
71.6,76.9,42.9,3.64,3,23.7,-16.5,2
73.8,56.8,76.7,3.92,3,18.3,8.4,1
73.2,87.2,40.4,2.57,4,6.0,-5.5,2
51.7,77.7,76.0,2.89,1,32.0,-7.3,2
63.8,96.9,55.0,3.71,5,18.6,-7.6,2
75.7,50.1,40.6,3.31,3,20.6,-2.0,2
65.1,62.8,94.1,3.29,0,14.4,-1.4,1
78.8,93.8,84.3,3.05,2,6.3,-8.8,0
53.4,41.7,81.3,2.46,3,24.0,-0.0,2
66.2,53.4,84.0,3.83,1,28.3,-19.7,2
98.7,93.5,34.3,2.5,6,3.2,12.5,2
88.2,75.2,88.8,3.85,2,12.6,9.9,0
77.8,51.4,64.4,3.36,4,9.4,12.1,2
90.7,86.9,43.5,3.16,3,22.8,8.4,2
50.3,84.9,69.8,3.73,4,13.2,9.1,2
59.5,52.0,87.9,3.0,0,13.8,20.0,2
81.3,90.7,69.8,2.25,4,19.1,-20.0,2
61.5,74.9,53.2,2.45,4,33.0,21.1,2
93.6,49.2,50.2,3.07,4,10.0,0.9,2
70.0,43.3,78.8,2.22,2,17.5,20.9,2
71.1,51.6,92.2,2.12,1,8.7,15.8,2
96.2,78.5,91.5,2.47,0,4.4,22.4,0
70.8,82.9,95.1,3.78,0,17.8,-18.5,1
55.2,68.8,45.8,2.7,3,17.8,14.1,2
88.7,87.1,67.4,3.72,4,24.5,11.9,1
52.6,84.4,78.7,2.86,3,16.1,-18.1,2
95.2,60.4,54.0,3.84,2,9.9,-20.4,2
61.4,83.4,92.2,3.59,0,20.7,24.5,1
52.8,43.3,60.7,2.57,2,12.4,5.1,2
99.9,47.5,57.8,3.32,2,23.7,-21.2,2
67.8,93.1,45.4,3.43,4,33.1,14.0,2
93.4,54.2,92.5,2.64,1,19.9,-19.8,2
81.1,56.2,44.2,2.27,3,34.2,-13.5,2
56.1,82.0,85.2,2.07,2,9.8,-3.0,2
91.8,55.7,71.2,2.6,3,33.8,-22.0,2
74.8,90.0,56.9,2.09,4,8.8,-15.8,2
51.6,84.3,95.6,3.82,1,26.9,-8.2,2
90.5,74.3,83.0,2.68,3,29.4,-3.3,1
87.6,86.8,68.7,3.9,4,32.8,-10.6,1
71.2,81.7,83.8,2.52,1,33.7,-1.6,0
90.0,95.2,36.0,2.5,6,19.9,-8.1,2
51.9,55.9,48.8,2.5,2,23.6,13.6,2
66.0,55.3,42.5,2.93,4,16.5,-1.7,2
74.0,89.0,45.2,2.12,4,33.0,-11.2,2
62.9,85.6,48.2,2.99,2,9.5,-16.3,2
61.6,78.0,42.9,3.01,3,16.5,-9.1,2
63.0,54.9,77.5,3.71,1,13.7,10.9,1
67.5,44.5,61.1,3.02,3,9.8,-8.7,2
53.6,64.7,49.8,2.05,5,22.0,-7.0,2
94.9,61.7,96.0,2.59,1,3.0,-6.6,1
51.3,75.3,86.6,3.02,1,27.8,0.4,2
97.0,62.0,70.8,3.31,0,7.0,13.1,0
99.6,72.8,99.8,3.26,0,26.2,1.9,0
92.4,70.6,33.6,2.94,5,19.3,-2.9,2
95.6,59.1,85.9,3.95,0,9.6,-9.3,1
84.7,65.8,97.0,2.82,0,4.6,3.0,0
80.3,66.0,59.3,3.14,2,29.3,-18.7,1
88.8,63.6,70.9,2.28,2,10.6,-10.7,1
75.3,48.6,64.6,3.76,4,8.5,-16.0,2
50.8,47.0,48.4,3.11,3,32.7,12.1,2
51.2,49.7,35.1,3.03,6,19.5,-5.6,2
67.7,63.3,69.0,3.42,3,5.9,19.9,1
99.7,42.6,81.7,2.71,3,16.8,-4.6,2
87.0,65.3,83.0,3.4,0,26.2,11.2,0
79.7,79.1,61.7,2.64,3,7.8,11.1,1
97.2,45.6,50.8,2.68,5,20.6,19.9,2
87.9,95.3,32.9,3.89,6,31.1,11.5,2
76.0,73.4,73.1,2.2,2,11.4,-19.1,1
58.5,94.5,48.2,3.21,4,5.5,-13.4,2
57.1,52.0,88.7,3.51,0,2.9,20.1,2
51.3,51.8,95.9,3.14,2,26.2,1.0,2
64.7,46.4,79.4,3.69,2,16.7,-3.4,2
63.9,78.8,97.8,3.61,0,26.6,-13.9,2
66.4,69.4,49.3,3.26,4,18.9,13.9,2
55.0,80.9,66.5,2.38,1,20.4,16.9,2
97.5,76.4,47.2,3.17,3,30.8,-14.0,2
90.7,82.5,49.8,2.4,3,30.9,22.5,2
50.2,43.9,69.0,2.42,3,7.9,-4.1,2
61.7,60.2,67.1,3.91,3,31.0,17.0,2
83.4,68.4,74.1,3.2,1,19.9,-10.2,1
87.7,56.7,97.9,2.65,2,23.9,-19.2,2
97.8,78.3,54.3,2.8,5,6.2,19.1,2
51.4,55.5,45.1,3.7,4,15.5,3.1,2
63.1,58.4,57.4,2.88,3,15.2,20.6,2
81.8,42.6,61.3,2.44,1,30.9,1.8,2
97.4,75.6,53.1,3.21,5,2.7,11.1,2
95.6,84.5,68.7,3.31,2,19.1,-6.9,0
99.3,88.6,57.7,3.44,3,11.6,-16.9,2
86.7,94.5,32.5,2.04,6,33.0,-19.9,2
89.6,42.5,49.8,2.05,2,22.8,9.4,2
89.2,78.0,39.2,3.48,3,10.9,-20.8,2
75.2,80.8,81.3,2.04,1,26.5,2.1,1
69.6,88.2,90.2,3.57,1,16.0,12.2,0
63.7,51.8,48.5,3.31,2,17.6,-10.4,2
63.9,56.5,79.2,3.01,3,14.6,24.7,2
97.6,84.2,80.0,2.9,1,21.1,-23.8,1
55.4,58.0,40.1,3.26,3,4.8,3.0,2
93.2,68.4,47.5,2.28,3,22.3,-1.3,2
70.6,82.9,88.4,2.07,0,24.7,4.9,1
63.4,52.1,69.4,2.98,2,18.5,23.0,1
75.7,89.8,99.5,2.16,2,5.5,10.0,1
56.4,40.8,66.4,2.24,1,8.5,18.5,2
58.5,86.6,64.1,3.5,3,20.1,-5.0,2
55.9,97.8,80.4,3.76,2,10.9,-8.9,2
64.5,79.7,86.2,3.9,2,14.3,5.2,1
73.1,94.3,94.9,3.44,2,30.1,-18.2,1
57.5,43.9,98.4,2.62,2,8.2,9.7,2
66.6,43.5,62.8,2.31,2,13.6,3.0,2
59.6,56.5,93.8,2.85,2,26.1,-6.6,2
96.7,72.5,74.9,2.41,1,21.6,-19.9,1
55.1,86.2,71.1,3.53,2,12.9,13.6,2
98.3,82.8,73.1,3.82,1,8.9,-24.9,1
90.2,48.5,41.5,3.75,2,12.7,19.8,2
56.8,86.8,59.8,2.94,2,12.0,13.0,2
69.3,67.5,51.8,3.04,3,19.5,19.2,2
97.8,94.8,88.4,3.42,2,29.7,3.0,0
56.0,92.2,75.6,2.36,2,30.6,17.8,2
86.4,52.4,69.2,4.0,2,33.0,-5.9,1
59.8,60.9,43.6,3.17,4,12.8,20.6,2
75.1,40.8,49.1,3.29,4,23.2,-5.1,2
78.6,41.8,80.3,2.94,1,22.0,-2.3,1
73.7,90.7,82.5,3.61,1,3.3,-23.6,2
92.5,44.8,88.4,2.24,1,16.6,10.5,1
54.9,71.6,98.8,2.39,1,22.3,-24.2,2
99.3,81.9,55.6,2.03,1,23.9,-4.2,1
53.2,87.9,65.1,3.46,3,4.8,-2.8,2
70.5,76.8,88.9,3.88,0,12.3,3.0,0
67.1,73.0,78.7,3.13,0,17.3,-19.2,2
65.9,76.3,31.4,2.34,6,2.3,6.9,2
54.1,82.0,47.3,3.67,3,23.2,20.1,2
65.5,62.0,50.1,2.56,3,20.6,-4.3,2
63.6,51.6,98.5,2.52,1,16.5,-20.4,2
82.1,66.1,74.2,3.66,3,3.2,16.7,1
57.8,73.0,99.6,2.87,1,23.3,9.1,2
75.2,88.1,85.6,2.18,2,27.5,-12.1,1
63.0,93.5,66.2,3.26,3,17.7,-1.6,2
79.4,42.0,79.1,3.26,3,30.7,-24.6,2
73.8,59.5,93.2,2.37,0,13.8,-16.9,1
80.8,74.4,78.6,3.46,2,17.6,-12.8,0
80.0,68.0,58.1,2.08,1,32.7,-13.3,2
97.7,63.2,32.0,3.02,4,32.4,19.3,2
97.6,72.9,39.8,3.33,3,28.0,-22.3,2
90.1,66.6,41.6,2.0,4,6.9,19.1,2
65.4,50.7,90.0,2.87,1,25.9,-17.3,2
55.0,71.9,57.6,2.42,4,17.6,-6.2,2
85.3,84.3,36.7,2.26,5,27.2,-18.3,2
86.5,64.6,57.6,2.14,1,18.1,12.0,1
61.1,75.3,83.7,2.74,3,13.2,16.2,2
56.9,50.9,44.8,2.87,5,13.2,7.7,2
57.5,58.0,77.3,2.96,1,10.6,22.8,2
91.7,67.0,35.8,3.37,3,5.3,18.1,2
58.0,47.5,65.5,3.37,4,2.4,7.7,2
71.2,83.0,38.1,3.61,6,32.0,0.1,2
85.6,89.0,98.0,2.22,2,7.9,-3.8,0
50.3,95.0,79.5,2.52,3,19.0,5.7,2
71.7,67.0,32.8,3.74,5,17.2,-22.5,2
64.8,87.5,68.0,2.36,3,13.8,-24.1,2
64.9,42.1,37.8,3.46,4,19.5,-5.2,2
86.3,76.7,60.2,2.55,2,34.1,9.4,1
95.9,92.4,95.3,3.64,1,20.8,-23.0,1
98.8,77.0,91.7,2.76,1,34.3,-21.1,1
71.1,41.3,96.5,2.51,2,23.5,19.1,2
78.5,97.7,73.1,3.08,0,28.2,9.7,0
68.7,67.4,83.3,2.87,2,26.6,13.9,0
69.9,50.5,49.9,2.01,3,8.8,14.1,2
63.7,66.8,85.3,3.27,1,5.2,-13.8,2
86.4,75.3,62.2,2.84,4,21.6,2.1,2
96.5,40.7,53.8,2.69,5,16.7,-1.9,2
83.6,54.8,32.3,3.7,5,33.9,6.6,2
54.2,83.4,67.1,2.61,4,26.8,-2.4,2
58.3,60.4,60.2,3.99,4,2.8,23.7,2
99.5,61.8,67.6,2.76,4,33.3,-18.8,2
78.5,50.4,41.1,3.56,5,26.2,-4.9,2
67.6,52.6,93.0,2.56,1,27.4,6.5,1
61.3,63.4,83.0,2.57,1,32.5,-17.2,2
70.0,40.2,88.1,3.53,0,23.7,9.2,2
98.7,63.8,74.5,3.24,0,6.6,6.0,0
80.0,82.5,96.2,2.65,2,10.2,3.5,0
51.1,74.9,85.3,2.78,0,18.9,-15.3,2
72.9,81.9,46.8,2.94,3,25.5,-15.0,2
60.4,66.7,47.2,3.21,5,34.7,14.8,2
75.0,46.4,72.3,2.66,3,32.4,-17.0,2
87.4,79.6,58.4,3.04,4,17.5,-5.7,2
97.9,91.2,67.6,3.43,1,22.0,24.5,0
53.0,87.1,88.0,3.45,2,3.3,-5.0,2
71.4,47.2,40.2,2.52,2,29.2,12.7,2
82.8,48.2,47.0,2.97,2,10.7,-8.5,2
72.9,81.1,82.7,3.51,2,13.3,9.5,0
78.4,74.5,83.3,2.3,2,11.5,-13.9,1
78.2,81.4,51.5,3.43,5,20.7,-9.8,2
90.3,47.5,72.5,3.72,1,10.5,-13.6,1
79.2,48.6,30.8,2.73,6,18.8,18.5,2
98.6,77.3,71.1,3.0,3,19.3,-6.1,1
82.4,90.5,63.7,2.97,1,14.5,8.4,0
61.2,56.1,84.5,3.58,3,23.4,-7.2,2
78.5,77.0,30.9,3.49,4,29.0,14.4,2
51.6,76.3,96.6,3.01,0,11.0,23.1,2
98.5,43.2,69.7,2.5,2,10.5,12.0,1
58.9,96.8,48.6,2.55,2,26.5,11.7,2
95.3,47.7,51.2,2.42,5,10.1,13.1,2
89.1,58.5,74.4,2.39,1,5.8,-20.8,2
55.0,74.2,71.9,2.6,0,2.3,-3.5,2
82.1,74.2,74.4,3.51,3,34.7,-12.4,1
80.1,68.6,42.4,3.01,4,19.0,22.6,2
67.1,79.3,65.2,3.25,2,5.7,12.8,1
74.4,58.5,98.2,2.94,2,7.4,-21.7,1
93.1,59.9,78.1,3.65,1,8.4,-19.6,1
60.7,69.1,52.4,3.06,3,5.4,-10.0,2
57.8,84.5,85.0,3.7,3,22.1,-17.1,2
82.7,85.7,84.6,2.54,2,32.8,-1.4,0
86.3,88.1,52.1,2.62,2,20.6,13.1,1
88.1,63.4,97.8,2.71,1,28.6,23.7,0
60.4,81.6,50.6,2.75,4,12.6,14.5,2
77.9,82.9,85.8,3.24,0,16.5,-11.3,0
74.0,81.8,62.9,3.94,4,3.5,8.0,2
62.5,97.2,71.0,2.12,2,3.9,-7.9,2
73.6,91.1,35.2,3.95,4,26.2,16.2,2
79.5,73.3,69.3,2.88,3,12.8,2.3,0
84.5,48.1,83.9,3.74,2,25.1,12.0,1
95.3,65.9,91.9,2.37,1,17.5,-2.0,0
63.0,75.0,95.3,2.28,2,23.2,-3.6,2
89.9,88.2,34.2,3.98,3,14.3,3.3,2
66.4,71.3,49.8,2.67,2,4.2,-21.2,2
98.7,85.3,67.2,3.6,4,29.9,-20.6,2
87.6,84.5,60.2,2.55,2,16.9,19.0,0
82.5,44.2,75.3,2.68,3,19.4,9.6,2
64.7,76.2,57.3,2.02,2,12.6,-17.5,2
79.2,84.5,67.3,3.31,3,8.6,16.1,1
78.8,51.0,40.4,2.62,2,5.3,1.7,2
89.0,71.3,96.8,2.65,0,12.4,-13.5,1
99.6,53.5,94.4,3.54,2,2.9,18.9,1
56.2,95.0,31.8,3.74,3,30.2,-14.6,2
60.3,62.1,87.0,2.19,0,7.8,20.7,2
58.1,52.2,95.8,3.48,2,13.8,24.8,2
90.0,60.9,47.9,2.22,5,17.1,-24.6,2
70.0,89.7,54.8,3.89,4,29.6,-3.3,2
82.5,87.0,91.3,2.03,1,33.8,11.5,1
52.3,89.2,42.4,2.02,5,19.1,-18.0,2
90.1,90.2,76.3,2.74,1,15.7,-17.1,1
58.7,70.1,40.6,3.62,2,24.1,-6.7,2
60.2,63.4,56.1,3.68,1,22.5,-23.6,2
66.6,91.6,32.4,3.74,6,32.1,-22.7,2
58.5,45.8,54.4,2.45,5,15.9,-21.7,2
73.2,64.1,92.9,2.88,0,30.3,15.5,0
95.1,47.4,75.9,2.73,3,22.2,10.8,2
74.6,88.2,70.0,2.25,2,19.0,15.3,0
54.7,63.4,92.1,2.21,1,9.5,-15.8,2
66.4,96.5,76.8,3.04,1,21.0,19.2,0
57.3,82.7,89.6,3.5,0,28.4,6.6,2
99.0,40.8,74.4,3.67,0,9.8,-5.2,1
67.2,76.5,87.2,3.15,1,16.9,-14.3,1
77.3,46.8,49.6,3.54,3,32.5,-8.1,2
74.4,71.8,76.4,3.34,0,13.3,1.0,0
89.1,64.7,31.8,3.09,3,5.1,23.8,2
56.3,60.2,61.7,3.11,2,33.0,23.3,2
69.9,94.6,99.9,2.39,0,29.7,-13.9,2
76.3,85.2,69.4,3.06,2,3.6,1.7,0
84.7,97.8,41.7,2.32,3,24.5,6.7,2
57.6,94.6,72.7,3.72,3,11.2,23.0,2
64.8,92.3,98.0,3.79,1,17.4,-18.2,2
77.8,58.1,94.6,3.23,2,33.7,-22.0,1
57.0,67.9,41.2,3.94,5,34.2,23.9,2
69.5,51.2,88.4,2.14,2,33.8,-11.2,2
56.2,82.9,96.1,2.3,1,16.6,8.6,2
65.6,46.0,74.0,2.94,0,23.8,-10.1,2
77.1,75.4,40.8,3.76,4,26.9,11.0,2
91.9,54.8,73.9,2.85,3,7.6,10.5,1
87.9,53.0,37.2,4.0,5,21.9,5.0,2
74.7,80.7,60.3,2.11,3,5.5,13.5,2
95.2,77.1,53.0,3.33,2,10.3,-7.2,1
62.1,68.7,71.4,3.33,3,5.4,14.0,2
78.0,88.6,56.3,3.04,1,32.5,-5.9,1
97.7,73.4,38.2,3.53,6,13.9,8.6,2
90.8,81.7,32.8,3.29,3,16.5,-2.0,2
81.4,85.1,76.8,2.05,2,20.7,-23.8,2
54.9,93.4,86.1,3.46,1,30.0,-12.3,2
63.8,85.5,52.7,3.4,3,22.9,13.4,2
60.5,84.7,68.3,2.64,2,15.2,-7.6,2
66.7,75.8,81.8,3.67,0,9.5,16.4,0
95.7,45.2,58.4,3.24,2,23.1,12.8,2
67.5,86.7,92.7,3.51,0,33.7,-8.9,1
59.5,58.0,65.4,3.28,2,11.8,3.0,1
59.9,45.3,71.9,3.75,2,15.4,-11.8,2
76.6,63.0,94.5,2.21,1,33.6,15.7,0
66.2,53.0,87.8,2.49,0,7.1,24.6,1
74.7,88.3,98.8,2.49,0,9.5,7.4,0
98.2,89.7,63.8,2.88,2,20.4,24.9,0
70.6,89.2,70.7,3.25,2,31.3,24.0,0
90.2,55.3,55.9,3.8,3,32.9,-9.0,2
53.9,80.2,52.5,3.65,3,25.2,14.8,2
99.3,81.1,67.5,2.21,3,29.3,-13.6,2
85.9,77.4,68.8,3.97,1,17.4,3.7,0
79.6,43.8,99.7,2.04,1,16.8,7.5,2
73.8,81.0,34.5,2.71,5,33.5,-11.2,2
85.7,68.5,79.3,3.89,3,34.5,-14.2,1
65.5,80.4,51.3,2.47,5,28.3,0.4,2
84.1,58.2,30.5,3.22,3,25.5,-7.1,2
88.7,44.1,34.5,2.83,4,7.3,-15.3,2
96.4,82.3,53.2,2.19,5,15.3,10.0,2
90.2,62.1,63.2,3.69,2,8.0,-9.4,1
75.0,50.7,58.1,2.45,3,34.5,6.7,2
72.6,45.5,48.0,3.76,4,4.0,2.9,2
99.3,40.7,52.9,2.61,4,28.4,3.4,2
93.0,95.4,43.2,3.24,4,8.0,-14.1,2
57.7,61.7,42.4,2.88,3,29.9,13.6,2
90.7,65.8,73.5,3.87,0,31.3,14.7,0
64.6,60.2,42.6,3.04,3,31.7,-0.1,2
99.9,93.4,95.6,3.86,2,20.1,-5.6,0
53.3,54.3,39.9,3.92,3,18.2,14.7,2
67.9,93.2,94.5,3.62,0,32.0,10.4,0
82.7,92.9,69.4,3.4,2,19.2,12.8,0
64.1,47.9,83.4,2.59,3,22.7,-4.8,2
55.2,72.6,72.7,2.61,0,34.7,13.5,2
76.4,42.4,96.3,2.61,0,21.4,20.0,1
76.7,42.7,51.2,2.38,5,33.8,-22.4,2
86.9,70.4,42.5,2.74,2,25.1,20.5,1
61.1,58.6,80.0,2.99,0,20.8,5.7,1
96.1,51.9,78.3,3.85,2,2.2,-13.0,2
91.3,61.6,88.6,2.09,1,6.7,-12.7,1
94.1,64.5,69.9,3.73,3,22.7,-14.8,2
91.2,61.9,89.0,2.38,0,27.7,-12.3,1
81.3,62.9,78.7,2.9,0,23.9,-13.9,1
74.4,50.6,52.9,3.89,5,10.5,9.0,2
64.2,56.6,89.9,2.52,0,27.1,-5.3,2
74.9,47.4,99.7,2.94,2,5.6,-13.6,2
59.2,84.2,86.4,2.48,0,22.3,-3.1,1
83.1,69.2,98.2,3.54,0,25.9,-22.8,1
97.4,59.8,96.5,3.84,0,13.6,-15.0,1
64.6,43.7,42.9,2.39,5,23.7,-3.1,2
53.5,54.3,67.0,3.11,1,6.7,23.2,2
75.9,41.0,80.4,3.45,0,12.6,-23.1,2
84.2,40.3,30.2,2.12,4,14.8,3.3,2
77.3,41.1,87.7,2.95,2,20.9,-5.7,2
72.5,83.4,77.8,3.23,3,13.4,24.4,0
72.7,91.0,45.7,2.57,5,26.1,23.2,2
100.0,91.2,55.8,2.04,4,28.6,-17.8,2
92.6,97.3,38.8,3.25,6,8.9,-4.7,2
73.0,66.2,96.7,2.93,0,13.1,8.3,0
60.8,51.1,43.6,3.75,5,23.8,5.9,2
77.4,84.3,58.6,3.29,1,9.0,-17.9,1
95.2,95.4,90.9,2.82,0,8.6,-8.1,0
83.0,94.4,60.2,3.89,2,2.8,-14.7,2
78.2,49.0,58.1,3.56,4,8.5,-4.4,2
62.3,82.8,83.4,2.97,0,22.1,13.2,1
54.3,40.5,90.4,2.11,1,30.1,-9.3,2
60.2,48.7,44.9,3.68,5,14.0,20.5,2
64.5,45.9,69.3,3.8,4,7.0,-4.2,2
57.9,72.0,62.9,3.97,1,24.8,20.2,2
72.2,83.8,39.5,2.76,3,14.5,-16.5,2
79.3,97.3,55.4,2.88,1,20.9,-2.6,1
78.3,91.4,99.1,3.77,1,4.3,-18.3,1
83.9,93.2,37.8,3.87,5,33.7,-15.1,2
89.3,60.6,98.8,2.99,0,22.5,4.5,0
68.3,54.7,65.9,3.96,3,31.8,-23.8,2
61.9,57.8,61.4,2.87,4,3.3,12.5,2
83.0,59.3,32.2,3.74,3,32.6,-24.5,2
73.5,62.5,78.7,2.54,3,14.4,-6.7,2
70.4,59.8,96.0,3.44,1,20.2,-0.6,0
83.6,86.7,93.9,3.72,0,31.6,-23.8,1
90.3,46.2,35.2,2.75,3,7.1,15.1,2
50.7,86.8,90.9,3.23,2,7.2,6.3,2
81.6,59.2,76.5,3.23,0,3.9,-18.1,1
54.6,65.1,78.0,2.42,1,25.7,-5.7,2
73.8,51.4,99.2,3.21,0,8.1,-10.6,1
54.0,96.5,48.4,3.76,2,21.0,-15.5,2
85.1,44.4,43.1,2.64,4,34.7,-16.9,2
64.3,64.7,87.7,3.47,1,19.5,7.7,1
64.1,49.4,34.3,2.99,6,31.8,-22.0,2
85.8,40.7,82.1,2.18,2,21.4,20.8,2
84.9,75.1,97.2,3.14,1,26.0,-9.0,0
75.0,84.3,51.9,4.0,2,8.3,4.4,1
84.5,63.8,91.6,2.65,2,28.3,22.3,0
72.6,48.2,82.5,2.84,2,2.8,-18.0,2
69.1,90.5,40.5,2.73,3,16.3,15.9,2
60.8,41.0,63.1,2.54,2,8.5,-0.1,2
65.2,95.4,68.5,2.46,4,18.1,11.2,2
74.4,78.6,54.7,2.21,4,33.4,10.3,2
57.1,70.1,64.6,2.43,2,18.2,22.8,2
80.9,75.5,71.9,3.06,1,13.3,-6.3,0
68.5,96.3,34.4,2.89,5,15.8,-14.5,2
95.1,76.8,93.1,2.95,1,11.3,-8.0,0
84.9,92.3,97.6,3.56,0,20.9,20.6,0
78.2,91.7,51.9,3.76,4,14.7,-17.6,2
54.1,68.5,72.2,3.78,3,33.6,-11.7,2
88.5,81.3,55.5,3.56,1,17.6,-13.8,1
66.4,87.8,63.8,2.29,3,11.0,-9.0,2
91.2,77.5,97.0,3.2,0,6.0,11.7,0
76.2,69.2,47.4,2.75,4,25.1,17.6,2
51.3,77.8,83.4,2.16,1,17.3,20.5,2
72.3,62.2,41.0,2.89,5,12.4,21.8,2
72.7,49.4,39.0,3.91,6,6.1,18.4,2
68.4,58.3,80.4,3.1,3,22.8,7.3,2
88.0,77.3,52.7,3.51,3,3.3,0.6,2
74.8,93.8,39.8,2.2,3,7.4,10.7,2
66.9,63.9,82.6,2.98,3,20.0,1.2,1
84.7,71.8,36.3,2.41,5,7.2,13.1,2
84.2,41.4,75.0,3.39,1,17.8,-22.9,2
97.5,95.4,39.6,2.64,6,14.8,6.7,2
74.6,78.8,78.8,3.1,1,3.3,4.5,0
61.5,68.5,54.5,2.16,3,31.1,0.5,2
50.4,76.4,73.6,2.53,1,14.4,-5.6,2
87.7,54.9,43.7,3.8,5,15.0,7.5,2
82.6,69.7,58.4,2.37,2,3.4,15.2,1
60.0,73.1,82.3,3.67,2,24.2,19.3,1
81.3,72.9,91.9,2.5,0,18.9,-9.5,1
91.5,89.9,44.4,3.89,5,14.8,-8.6,2
74.6,72.5,50.0,3.97,2,30.3,-12.6,2
94.2,89.5,73.3,3.71,2,33.2,21.5,0
98.1,45.6,55.8,3.29,3,34.0,12.1,2
53.8,64.2,31.6,3.54,5,31.7,-9.9,2
99.2,93.0,38.4,3.27,6,33.4,14.6,2
58.7,46.5,80.7,2.91,2,31.3,9.7,2
74.0,82.4,40.7,2.13,5,24.4,-23.5,2
71.6,67.0,42.3,2.03,4,31.6,7.8,2
60.1,55.5,77.0,3.93,0,8.2,9.5,1
99.8,42.6,69.4,3.71,2,20.4,10.1,1
64.3,45.1,55.7,3.64,3,20.0,-6.3,2
86.3,71.4,52.4,3.28,4,15.4,4.0,2
64.6,87.2,82.6,2.99,3,19.9,-7.0,2
54.3,54.7,39.6,3.85,4,23.3,-2.5,2
95.9,97.0,40.2,2.68,3,22.9,12.2,2
98.9,86.0,87.7,2.79,0,29.2,19.0,0
62.7,71.9,96.0,3.48,2,24.6,14.4,1
55.8,82.4,85.8,3.1,2,15.0,7.8,2
70.4,83.6,37.4,3.28,4,17.0,16.7,2
85.8,91.8,97.8,3.6,1,18.3,20.8,0
91.3,71.4,36.8,3.63,3,2.8,-23.4,2
60.4,88.0,77.6,2.13,2,16.9,-19.1,2
79.9,59.9,56.2,2.61,1,22.4,21.0,1
84.0,96.7,65.0,2.7,4,10.4,-1.3,1
71.1,74.1,91.6,3.9,2,24.6,24.7,0
51.9,68.3,93.4,2.95,0,19.9,-20.9,2
62.1,97.1,32.4,2.62,4,27.6,17.7,2
80.7,45.5,77.9,3.19,3,24.3,-23.6,2
63.7,72.8,86.1,3.07,0,25.9,-12.3,2
84.9,68.5,93.2,2.59,1,7.4,-10.5,0
98.4,44.5,63.8,2.5,2,14.8,12.2,2
88.6,42.5,42.8,2.68,3,24.5,17.3,2
97.4,46.7,41.5,2.26,2,34.3,5.3,2
71.9,61.3,78.9,2.04,0,19.3,9.7,1
71.8,80.7,34.7,2.17,6,31.0,8.2,2
70.1,93.3,93.5,3.75,0,6.0,-16.9,1
99.8,61.7,48.4,2.13,5,28.1,-15.7,2
55.8,42.3,44.2,2.6,4,26.6,-5.5,2
55.6,78.6,71.0,2.02,1,31.1,-18.1,2
93.0,86.5,43.2,2.95,5,17.8,-20.0,2
92.9,44.1,76.7,3.72,3,6.8,13.0,2
75.7,97.3,69.6,2.49,3,26.9,17.0,1
70.3,83.6,33.0,2.64,5,15.0,-15.4,2
69.5,75.2,90.7,3.5,2,6.2,5.7,0
57.9,74.7,50.1,3.55,2,16.3,-23.5,2
78.1,80.9,84.4,3.55,2,3.3,-11.1,0
95.9,57.6,67.5,2.65,4,12.2,22.4,2
69.3,90.5,78.2,3.39,1,32.5,5.3,0
74.5,59.9,66.2,3.26,3,10.3,-11.6,2
93.7,74.5,45.9,3.85,3,12.7,-13.0,2
91.3,70.0,58.8,2.53,2,16.0,8.0,1
90.1,79.9,43.3,3.37,3,25.5,2.6,2
58.7,82.0,91.3,3.28,1,8.8,14.5,1
59.2,77.6,64.8,2.49,4,18.0,-11.5,2
80.3,54.6,97.7,3.63,0,34.5,-24.8,2
90.6,54.8,64.7,3.87,4,20.2,16.1,2
71.4,96.9,71.7,2.95,1,14.8,-19.0,1
56.1,84.1,99.6,2.08,1,4.3,-19.6,2
87.2,64.5,32.8,3.32,5,4.0,-19.4,2
64.2,54.0,45.4,3.21,4,26.8,21.4,2
77.7,58.4,45.4,3.61,2,29.2,-14.8,2
97.7,45.3,81.8,3.96,0,10.9,-0.7,1
62.1,75.4,92.4,3.84,1,11.2,-24.8,2
71.8,89.9,89.5,2.89,2,9.7,17.4,0
87.0,62.3,73.1,2.76,3,19.9,-11.4,1
71.8,90.8,54.0,2.04,5,18.7,-5.6,2
85.2,74.9,78.9,2.76,2,28.0,-14.6,1
67.7,55.9,80.0,3.8,0,14.5,18.9,1
82.3,43.8,79.9,2.04,0,20.9,-7.0,2
74.5,82.0,93.6,2.18,1,10.4,-13.6,1
57.9,52.7,71.0,3.03,0,19.5,-15.2,2
99.0,61.1,83.2,2.18,0,32.2,-20.4,2
62.8,48.6,39.9,2.87,6,30.7,-15.7,2
65.6,70.2,46.2,2.18,3,3.7,7.7,2
71.2,49.7,31.2,3.92,3,21.9,-21.1,2
63.5,85.4,67.4,3.56,2,20.3,-6.6,2
62.3,40.5,89.9,3.53,0,18.9,-24.0,2
69.7,49.7,62.8,3.69,3,10.0,5.4,2
62.3,50.2,37.7,2.5,3,23.1,12.7,2
99.1,47.9,50.1,3.06,5,18.2,12.7,2
82.4,70.1,85.0,3.15,2,29.6,-4.7,0
76.2,63.6,65.2,3.0,3,28.6,-14.7,2
95.2,62.2,51.0,2.05,3,18.1,12.5,2
71.8,77.0,40.3,3.73,4,28.1,12.5,2
95.0,92.4,47.7,2.8,3,25.5,-6.4,2
73.2,64.1,33.6,3.9,5,31.6,21.1,2
95.5,91.4,91.0,2.16,2,11.7,16.1,1
52.0,96.9,89.3,2.14,0,12.9,-9.5,2
87.2,72.6,34.2,3.02,6,22.8,-6.4,2
70.2,86.3,62.2,3.24,1,11.4,-22.5,2
71.7,69.8,76.6,3.1,1,26.7,0.3,0
96.6,61.9,76.2,2.88,1,25.8,-11.6,0
80.8,56.0,45.4,2.09,5,2.4,-18.4,2
78.5,64.2,87.8,2.3,0,20.1,-12.2,1
92.9,55.4,63.8,2.13,4,17.5,24.1,2
55.7,78.8,86.8,2.69,2,26.0,-6.4,2
77.9,91.6,87.0,2.66,1,23.9,1.3,0
90.3,85.1,47.2,3.63,4,16.3,-11.4,2
70.2,95.2,51.0,3.73,3,5.5,-17.6,2
92.2,52.7,96.9,2.93,1,7.1,-20.1,1
78.3,57.3,47.0,3.25,4,33.3,8.1,2
96.3,43.3,58.4,2.86,3,15.7,23.9,2
61.8,91.0,64.4,3.92,2,21.4,-4.7,1
64.3,75.4,41.5,2.32,2,12.8,-6.2,2
86.9,48.7,60.0,3.79,2,32.8,14.7,1
99.6,40.1,42.4,2.27,4,34.5,-6.7,2
58.3,58.0,37.0,3.99,3,4.7,-23.0,2
91.1,51.2,41.9,2.78,4,34.8,-19.6,2
91.6,56.5,34.5,3.21,3,10.6,7.2,2
74.8,53.0,49.9,2.79,5,13.2,-16.9,2
75.4,57.0,79.4,2.8,2,28.6,-13.2,1
83.3,52.2,62.3,3.41,1,3.2,-22.1,2
56.3,81.9,49.8,2.67,5,12.6,-13.0,2
71.8,47.1,75.1,3.89,1,20.2,4.4,1
68.2,62.7,54.2,2.1,5,29.8,15.2,2
59.3,68.9,76.1,2.79,1,25.4,-8.8,2
85.4,78.2,97.1,3.5,0,30.6,-15.8,0
97.7,64.1,64.1,3.98,2,6.9,19.2,0
63.9,51.7,42.6,2.08,4,2.3,-7.0,2
90.0,61.6,30.2,2.97,4,29.2,0.1,2
92.9,83.2,49.1,2.78,3,19.4,4.5,2
71.7,95.1,86.0,2.91,2,25.7,2.4,0
70.4,76.4,85.4,2.95,0,31.0,21.5,0
96.2,88.4,45.6,2.53,3,31.4,17.6,2
69.7,40.2,46.0,2.44,2,29.1,-13.1,2
71.5,95.6,86.2,2.55,2,28.9,2.3,1
86.6,84.5,85.2,3.54,0,23.9,-0.2,0
76.7,72.0,84.6,3.71,2,32.5,-5.5,0
50.7,64.9,53.0,2.49,4,17.8,-20.0,2
58.5,57.0,48.0,2.32,4,16.1,11.5,2
65.5,71.5,68.4,2.14,1,34.4,18.7,2
97.7,43.8,83.9,3.52,3,10.9,-16.1,2
91.8,71.0,65.8,2.96,3,22.3,14.3,1
89.5,60.5,57.2,2.38,1,33.2,11.3,1
67.1,70.3,78.3,2.39,2,34.7,12.9,1
51.5,89.5,85.5,2.86,2,28.6,13.8,2
81.9,84.9,82.3,2.13,3,34.8,-13.7,2
77.9,66.6,52.6,2.74,3,31.7,-23.2,2
99.4,94.2,75.4,2.83,3,29.6,23.5,1
54.3,88.9,71.6,3.12,3,5.8,-18.2,2
88.1,46.9,86.8,3.57,2,23.1,-12.7,1
64.7,89.8,33.8,2.6,5,33.8,-18.2,2
64.0,89.3,98.7,3.95,1,14.0,-0.1,0
70.3,41.5,50.0,2.37,2,5.1,-18.1,2
63.2,59.4,92.2,2.37,0,9.0,15.0,2
52.5,58.1,83.2,3.51,2,32.1,-21.0,2
55.0,63.4,95.2,2.62,1,31.0,-20.4,2
63.5,43.0,34.8,3.9,6,21.4,-19.7,2
70.3,46.2,41.1,3.88,4,31.5,-12.6,2
58.4,77.6,69.8,3.73,2,22.8,-24.2,2
86.9,87.7,77.8,2.48,2,15.5,9.1,0
78.8,82.3,88.9,2.99,2,9.9,-3.5,0
67.2,63.5,71.4,3.82,0,11.5,-12.5,1
85.3,54.8,72.4,2.0,2,5.8,4.5,1
90.7,73.7,97.7,2.5,0,25.5,-13.5,1
87.2,82.4,77.9,2.27,0,9.2,23.0,0
91.5,40.8,37.5,2.41,3,6.8,11.2,2
93.4,58.9,58.8,3.32,2,24.5,-2.8,1
69.5,50.9,76.6,3.89,2,10.0,-0.6,1
71.9,54.6,60.3,2.32,4,27.8,16.7,2
55.5,56.7,49.8,2.35,2,27.4,-1.3,2
79.3,60.2,75.1,2.9,3,24.7,-11.2,1
74.0,65.4,39.3,3.56,4,23.3,-5.8,2
55.5,81.8,66.5,3.38,3,11.0,7.9,2
78.4,91.3,46.9,2.57,3,28.7,12.9,2
81.4,96.7,30.2,3.92,6,12.8,9.5,2
59.7,46.3,51.4,3.53,3,10.3,15.2,2
81.4,78.9,97.2,3.13,0,13.8,-6.0,0
92.9,60.7,83.1,3.06,0,18.3,-3.5,0
84.5,46.0,92.7,2.46,2,30.6,-14.8,2
55.1,97.4,68.4,3.44,3,9.3,-14.3,2
54.8,54.9,94.3,2.82,2,34.7,7.2,2
96.2,75.5,36.5,2.5,4,21.7,12.3,2
52.2,80.0,67.9,3.31,4,25.0,-24.7,2
70.6,59.2,36.2,3.17,6,32.5,-11.1,2
84.8,94.2,82.7,3.11,0,7.4,11.9,0
91.1,53.6,33.2,2.36,5,29.3,-15.1,2
73.0,78.4,45.8,2.27,3,5.9,20.6,2
88.1,88.4,60.2,3.38,4,29.5,-17.0,2
50.4,61.7,67.3,3.37,2,31.5,-19.6,2
55.4,53.3,86.9,2.53,1,19.2,2.7,2
94.3,49.1,99.8,3.07,2,20.7,22.7,1
72.3,58.3,72.4,3.85,1,28.3,16.8,0
70.3,61.8,67.5,3.85,2,30.9,-19.2,2
85.0,95.1,37.9,2.96,4,32.0,4.0,2
52.6,50.4,91.3,3.6,0,9.9,-22.5,2
67.0,71.2,48.2,2.66,5,6.5,-16.1,2
74.5,88.6,39.8,3.58,4,25.1,-20.5,2
86.0,71.7,81.6,2.64,2,7.4,-11.2,1
51.5,84.4,84.6,3.55,0,24.8,18.1,2
87.1,76.9,35.7,3.38,6,17.9,15.3,2
89.2,71.3,56.0,3.57,2,26.7,5.2,1
83.6,86.1,65.3,2.58,2,11.6,-17.0,1
80.0,73.4,63.4,2.98,2,32.0,-21.2,1
81.1,42.5,56.6,2.08,1,16.3,-23.7,2
50.1,55.2,47.2,2.69,4,13.3,-6.9,2
78.2,53.7,40.4,2.54,2,9.5,-8.9,2
68.3,87.7,85.0,2.75,3,3.4,10.7,2
70.5,89.6,69.1,3.24,2,28.0,-24.2,2
56.3,43.5,86.1,3.86,0,30.6,-12.4,2
86.9,55.2,81.3,3.92,3,23.2,2.4,1
74.9,94.0,66.1,2.76,1,27.2,1.4,0
83.6,48.2,58.0,3.36,3,26.0,1.1,2
70.4,49.2,47.0,2.84,5,25.7,-6.6,2
88.9,44.8,91.1,3.64,2,11.6,24.1,1
57.8,94.9,56.2,2.58,2,30.8,-15.7,2
77.2,50.8,43.4,3.73,5,26.1,8.4,2
68.9,63.8,49.6,2.58,2,21.0,15.7,2
68.4,72.3,65.1,2.36,2,34.4,-8.4,1
73.3,88.2,34.3,3.38,3,3.2,9.3,2
60.2,52.5,97.9,3.65,1,8.4,1.3,2
94.2,47.1,81.0,3.61,3,28.6,-20.5,2
89.4,71.6,72.5,2.4,1,21.6,6.5,0
74.6,47.8,75.1,4.0,0,3.3,-4.7,1
95.9,75.5,65.3,3.52,4,12.8,-5.5,1
98.0,89.8,84.5,3.44,1,19.3,-24.6,1
90.5,74.0,53.4,2.83,2,20.1,16.9,1
62.2,61.9,63.1,3.41,1,10.7,-10.8,2
95.8,91.2,77.6,2.78,0,22.1,-7.7,0
53.8,75.0,86.6,3.74,0,23.1,3.8,2
69.9,67.7,88.7,3.17,0,27.0,-4.6,0
90.7,49.1,45.1,3.2,4,6.9,-13.0,2
54.6,94.2,78.7,3.71,3,11.7,1.0,2
97.0,42.5,55.7,2.04,4,28.1,-13.1,2
87.2,70.1,36.7,3.49,3,16.1,17.3,2
97.2,90.7,33.9,3.77,3,13.9,-5.1,2
69.3,79.7,35.1,3.88,4,9.0,22.6,2
62.7,59.8,33.6,2.86,3,20.2,-3.2,2
71.2,72.6,93.2,3.24,1,34.5,16.6,0
87.5,42.3,46.9,3.79,5,2.2,1.4,2
61.9,90.0,93.9,3.47,0,19.4,-4.6,1
61.7,61.7,80.7,2.11,0,24.0,-2.4,2
68.4,72.7,79.5,3.61,0,11.4,-15.9,1
85.7,66.3,47.9,3.61,5,15.3,4.9,2
68.8,85.3,50.7,3.11,5,22.0,5.0,2
54.5,70.3,40.2,3.57,3,21.1,6.8,2
64.7,84.8,92.1,3.14,0,28.1,17.8,1
94.5,46.3,88.7,3.61,2,9.4,14.0,1
96.9,63.7,79.0,3.98,0,17.6,-5.1,0
72.9,64.2,92.4,3.28,0,7.7,-14.2,1
83.5,74.9,55.3,2.49,1,33.4,-18.1,2
91.8,96.9,88.0,3.79,0,33.7,19.4,0
78.3,65.2,32.1,3.61,5,27.9,-4.7,2
77.2,48.5,76.3,2.19,2,20.2,3.6,1
91.5,40.9,63.7,2.85,2,24.2,9.3,2
88.3,86.8,52.0,2.67,3,32.5,-19.0,2
57.4,74.1,84.1,3.7,0,11.0,19.9,1
91.6,49.5,82.7,2.0,3,24.0,0.7,2
99.9,46.8,98.6,2.77,0,8.7,-20.9,2
90.7,59.4,97.9,3.71,0,3.6,-21.7,1
64.7,75.2,90.0,2.64,0,17.0,13.7,1
93.6,95.1,74.9,3.25,2,3.7,-6.6,0
72.0,74.7,57.4,2.12,4,33.1,19.3,2
88.1,63.9,39.1,2.27,6,2.6,14.9,2
96.1,93.5,98.7,3.13,1,32.8,-21.7,1
51.1,94.3,77.2,2.53,3,34.0,-15.1,2
97.7,58.2,80.0,2.34,0,13.4,23.1,1
73.4,93.8,62.5,2.41,1,34.9,20.4,1
69.0,52.7,59.5,3.65,4,34.3,-9.1,2
74.8,73.3,54.1,2.24,4,9.2,-21.3,2
86.3,49.8,70.5,2.1,0,30.5,-10.3,2
98.7,45.5,49.3,3.99,4,9.8,-14.8,2
76.7,93.8,93.4,3.48,0,18.5,0.7,0
53.8,88.4,74.7,3.76,1,31.5,4.4,2
76.0,96.5,42.0,3.09,5,26.2,-0.4,2
61.7,64.7,87.8,3.75,0,19.8,18.8,0
70.4,59.6,70.1,2.9,3,26.4,-0.4,1
70.1,93.8,38.3,2.96,6,4.0,18.0,2
89.0,48.5,85.5,2.73,0,2.1,2.0,1
82.9,49.9,45.7,2.7,5,24.2,-20.7,2
50.7,59.4,99.2,3.87,0,24.7,-4.8,2
86.6,70.3,83.9,2.35,3,34.4,-18.1,2
97.7,72.3,67.4,3.36,3,9.8,6.2,1
89.2,90.3,96.7,2.25,0,32.3,17.5,1
61.5,88.8,60.3,3.44,3,25.7,-12.5,2
82.4,57.3,72.4,3.69,0,22.1,2.7,0
72.6,71.7,62.1,3.62,4,32.1,9.8,2
54.6,93.6,46.5,3.09,3,16.8,-1.1,2
63.7,85.3,97.4,2.13,2,22.7,23.7,2
80.5,68.6,67.9,3.71,4,21.0,-3.2,1
91.7,58.6,70.4,2.99,2,26.7,14.5,0
84.1,40.0,75.0,3.36,2,28.1,-6.6,2
93.4,83.8,57.3,3.46,1,13.0,-2.2,0
51.5,47.2,49.6,3.08,4,27.7,-7.9,2
76.2,66.7,57.6,2.28,2,29.3,5.6,1
81.9,76.8,39.3,3.07,6,21.0,-11.5,2
97.0,71.7,93.1,3.15,1,5.4,-4.8,0
54.0,79.5,53.0,3.07,5,13.2,24.5,2
69.5,96.2,42.0,3.89,4,9.3,9.7,2
76.5,85.3,55.9,2.45,4,34.7,0.2,2
82.3,70.1,96.9,3.9,1,20.4,-24.2,1
87.8,84.8,50.1,2.52,2,2.3,-9.7,2
91.2,44.3,88.3,3.83,0,21.8,-16.8,2
76.1,80.9,70.7,2.54,1,3.2,16.9,0
64.7,46.2,87.9,2.4,0,9.1,-16.3,2
90.9,67.6,89.2,3.05,1,9.9,-3.7,0
63.3,89.1,78.8,3.29,0,5.6,22.5,1
51.8,60.5,62.0,3.23,4,33.3,-18.9,2
91.7,84.0,30.5,2.72,5,9.8,0.7,2
70.1,91.6,95.5,3.11,2,32.1,13.8,0
88.6,69.4,85.5,2.9,0,16.6,-10.1,0
56.9,81.0,65.7,3.97,3,31.5,-11.0,2
68.2,90.3,85.1,3.68,1,11.5,0.1,0
97.9,92.8,97.7,3.62,0,16.1,-8.4,0
52.0,49.0,51.5,3.28,2,21.3,18.9,2
97.9,47.6,91.4,3.77,1,29.3,15.0,1
67.0,42.0,44.3,3.27,2,20.3,-15.9,2
64.2,56.5,66.4,3.23,4,14.7,6.0,2
84.5,94.3,59.6,3.8,3,28.0,11.0,2
82.2,48.7,30.4,2.73,4,19.0,11.9,2
97.5,44.0,45.3,3.63,2,25.3,15.4,2
86.9,51.0,34.4,2.4,3,6.7,17.1,2
52.9,82.8,92.0,3.04,0,15.7,-0.5,2
85.9,66.9,31.7,2.33,3,17.6,0.9,2
59.0,60.3,62.5,2.52,3,34.1,3.1,2
74.2,62.0,90.4,3.88,2,12.7,5.9,0
62.1,45.9,33.7,3.74,6,25.7,23.0,2
58.8,66.5,45.1,2.89,3,25.7,-14.1,2
66.3,50.0,70.4,3.13,1,22.3,12.0,1
97.8,82.5,86.0,3.31,0,21.3,7.0,0
94.8,58.9,55.5,3.93,2,28.0,17.8,1
66.0,94.5,48.7,2.24,5,25.9,-1.8,2
64.5,94.6,70.0,2.52,4,10.4,15.5,2
80.6,82.1,42.6,2.89,5,29.2,18.0,2
72.0,49.4,53.2,3.33,5,21.7,13.0,2
85.9,52.4,79.6,3.64,1,6.6,22.6,0
83.8,96.4,39.4,2.73,3,26.1,11.3,2
77.4,50.0,91.8,2.53,2,20.3,5.3,1
78.4,60.3,44.7,3.48,4,25.3,-6.4,2
59.2,77.0,57.6,2.12,1,29.6,12.5,2
65.1,93.5,75.2,3.63,0,30.2,3.7,1
73.0,60.1,91.0,3.91,0,30.8,3.5,0
78.9,85.2,81.1,3.17,2,13.5,-23.8,1
59.9,56.1,90.7,3.02,0,3.9,16.2,1
54.1,79.8,65.0,3.22,2,5.8,-5.1,2
86.6,46.7,41.0,3.73,5,32.5,23.0,2
52.7,75.1,82.2,2.18,1,5.7,-4.9,2
95.7,42.4,73.2,2.06,3,6.5,-7.9,2
81.1,82.3,32.6,3.14,3,16.2,-8.1,2
83.0,66.4,91.4,3.62,1,27.6,-19.8,1
51.1,72.4,57.6,3.05,3,32.4,18.0,2
99.1,48.7,50.1,2.26,4,29.7,4.6,2
69.0,85.9,86.7,3.47,1,2.0,21.5,1
56.4,80.3,64.8,2.03,1,5.2,23.4,2
96.8,71.9,67.8,2.77,1,27.2,-18.5,1
63.0,44.3,82.0,2.31,0,6.6,-0.9,2
58.1,53.4,64.6,2.12,1,21.8,-21.9,2
71.6,90.0,31.6,2.46,3,6.2,-10.9,2
93.2,88.0,77.9,3.28,2,9.3,10.5,0
51.6,43.4,31.2,2.73,6,31.9,22.8,2
65.4,43.8,61.0,3.35,4,34.9,-6.4,2
92.2,94.9,47.6,3.68,5,6.5,15.5,2
77.7,84.6,85.8,3.03,2,3.3,-23.7,2
77.7,45.8,57.9,3.53,1,5.0,-16.9,2
90.6,78.9,61.3,2.3,3,3.0,11.0,2
85.2,66.9,43.7,2.08,5,16.9,-12.7,2
98.4,87.2,50.1,3.94,3,33.5,-0.4,2
90.1,50.1,79.3,2.05,2,20.6,-15.9,2
79.8,68.8,44.3,3.12,3,13.0,25.0,2
80.3,49.1,86.7,3.88,2,32.4,16.9,0
67.7,43.7,46.8,2.28,2,30.2,-24.1,2
99.0,63.4,59.8,2.62,1,12.9,4.5,1
79.4,78.7,38.7,2.5,4,2.6,7.8,2
77.2,94.6,34.8,3.43,5,27.0,17.9,2
83.4,81.0,52.2,2.34,2,10.4,5.4,1
90.4,57.3,88.1,3.64,2,32.7,-5.2,0
59.9,74.2,78.0,3.63,2,14.6,2.8,1
55.1,92.7,96.9,2.3,2,18.0,22.6,2
61.7,50.1,52.6,2.37,4,26.3,23.4,2
79.1,92.9,99.7,2.89,1,2.5,10.6,0
99.4,78.3,31.8,2.93,4,19.0,16.0,2
55.3,63.8,88.9,3.32,1,23.8,6.5,2
96.8,94.7,85.9,2.47,2,24.6,12.5,0
95.0,92.1,35.8,2.89,5,2.7,16.8,2
90.8,89.4,97.9,3.86,0,31.5,-9.8,0
58.0,47.0,96.3,3.77,0,19.2,11.9,2
75.3,65.4,30.8,2.35,3,28.8,-12.0,2
70.9,58.6,76.7,3.66,0,7.9,-15.6,1
88.2,78.7,95.4,3.02,1,18.5,15.9,0
89.6,74.8,59.6,3.81,4,7.0,11.3,1
96.5,67.7,74.5,2.53,0,21.4,-13.5,0
62.9,85.8,85.3,2.85,0,13.7,-22.8,2
94.7,80.1,69.1,2.67,4,14.5,-19.6,2
79.1,89.8,76.1,3.28,3,8.0,7.0,1
80.5,62.3,47.4,2.53,5,22.2,-23.7,2
75.6,48.8,61.1,2.31,2,13.2,-5.7,2
88.0,87.9,58.5,3.09,2,6.1,0.1,1
63.3,63.2,78.8,2.46,2,3.4,-3.2,2
99.4,70.6,72.1,2.14,0,2.7,16.7,1
65.0,52.4,88.1,3.17,1,27.0,11.2,1
82.0,49.5,87.5,2.41,2,15.4,-13.4,1
86.0,91.9,53.9,3.96,2,3.4,-12.3,2
85.0,92.8,55.2,3.91,3,26.8,-0.2,2
56.2,45.6,52.3,2.06,2,8.4,-10.5,2
92.3,67.3,81.8,3.79,1,32.7,-21.7,1
85.0,74.5,70.1,3.09,0,3.4,2.1,0
77.6,45.6,35.6,2.54,4,19.1,24.8,2
92.0,76.1,94.3,3.25,0,33.3,2.3,0
84.8,71.9,51.8,3.01,2,20.7,9.4,1
66.4,74.1,98.5,3.61,0,3.6,-18.8,2
52.9,79.9,63.4,2.72,1,25.0,-5.9,2
67.6,44.1,35.5,3.37,6,4.0,16.6,2
70.5,81.1,38.8,3.03,3,10.6,-6.4,2
68.9,40.4,31.7,3.31,5,20.9,15.3,2
58.9,57.0,56.3,2.75,4,30.6,14.3,2
71.6,63.8,52.9,2.87,4,7.3,16.0,2
74.5,65.7,67.6,2.06,3,16.9,22.6,2
98.2,51.2,65.4,3.22,3,16.0,-12.9,2
69.1,47.6,74.3,3.54,0,13.1,-10.5,2
69.8,59.4,72.6,2.46,3,3.8,9.7,2
58.7,57.1,97.4,3.6,2,16.1,19.1,2
65.5,47.8,52.1,2.13,4,2.9,-21.0,2
68.6,96.4,65.2,3.91,4,19.6,0.9,2
99.7,40.4,93.3,3.07,2,5.6,4.4,1
77.9,51.4,35.5,3.16,3,31.1,-7.1,2
96.5,55.8,39.4,3.44,6,28.2,17.6,2
96.0,43.1,67.0,2.46,2,27.1,-1.1,2
71.5,80.4,81.1,3.73,2,19.6,-1.9,0
68.4,55.4,66.0,2.62,2,6.1,2.9,1
75.2,91.0,55.3,3.5,4,33.4,-22.6,2
64.3,67.1,81.8,3.74,1,29.9,-21.2,2
97.2,48.9,79.9,2.89,3,27.4,5.7,1
90.8,44.9,60.7,3.55,3,27.2,-12.9,2
82.3,79.4,41.6,2.34,5,8.3,16.6,2
94.9,60.5,30.9,3.09,6,28.4,-21.6,2
98.1,87.9,47.8,3.43,3,8.4,-5.7,2
91.5,55.5,92.6,2.66,0,9.6,-9.7,1
92.9,90.1,85.1,3.48,2,19.0,10.8,0
75.7,43.9,59.7,3.98,3,11.2,-12.3,2
63.1,64.8,87.8,2.42,0,19.7,-6.9,1
72.5,85.5,37.5,3.28,5,23.5,20.5,2
62.0,74.6,40.3,2.91,5,18.6,8.1,2
71.3,74.0,66.0,2.31,1,31.3,9.5,1
65.3,97.1,63.7,3.41,4,29.6,-19.8,2
61.6,87.0,90.3,3.97,1,19.8,23.2,1
58.8,47.7,44.3,3.11,3,9.5,-2.5,2
57.5,46.5,75.2,3.1,1,3.0,21.0,2
97.2,72.9,98.8,3.03,0,19.0,-22.5,1
90.8,40.9,46.1,3.78,5,2.5,9.6,2
73.1,62.0,33.2,2.06,6,29.8,4.8,2
77.4,87.4,43.3,2.77,3,5.1,-21.9,2
94.9,56.8,52.4,2.49,2,33.1,4.5,1
89.2,84.5,68.5,2.28,3,12.4,-4.6,1
91.6,85.8,32.4,2.4,6,27.5,-24.2,2
90.9,56.2,53.1,3.48,4,14.5,16.7,2
51.0,80.0,60.5,3.94,1,24.1,-3.9,2
69.6,61.5,90.7,3.42,0,25.2,19.6,0
99.3,40.1,61.3,2.65,3,15.2,15.9,2
76.1,40.9,84.1,3.52,2,16.2,2.4,1
77.7,61.9,80.8,3.13,3,15.4,-5.6,1
77.0,72.4,66.4,3.27,4,5.9,1.5,1
89.1,44.2,32.1,3.61,3,16.1,-6.8,2
51.2,74.5,38.9,3.89,5,6.4,19.1,2
72.7,95.9,66.5,3.12,3,30.8,-6.0,2
50.3,94.7,92.8,2.74,2,6.6,-21.4,2
68.1,69.6,98.0,2.24,0,18.1,-10.5,2
64.8,74.9,84.9,2.19,1,24.2,16.7,1
64.0,75.3,71.5,3.88,1,16.4,-16.1,2
75.6,44.3,33.7,3.41,5,34.9,19.2,2
63.3,47.6,87.6,2.69,0,11.7,-0.7,2
56.3,89.0,39.9,3.69,3,14.1,16.5,2
96.9,42.9,74.2,2.44,2,25.2,-7.9,2
60.6,47.9,89.3,2.94,1,7.9,-16.9,2
94.4,91.4,49.6,2.12,3,18.0,7.6,2
72.6,45.2,99.6,2.14,1,33.1,2.1,2
50.3,43.8,85.0,3.89,0,23.2,12.7,2
98.7,75.4,89.1,3.77,0,5.6,15.8,0
65.7,64.8,82.3,2.09,3,14.0,22.4,2
60.0,41.9,35.0,2.86,6,12.4,-24.3,2
62.8,80.6,99.2,2.17,1,18.6,14.3,2
82.3,86.3,66.5,2.83,4,20.3,-14.3,2
67.2,74.5,49.5,2.94,2,5.8,16.8,2
75.7,48.2,63.2,3.61,1,28.8,-20.9,2
51.8,59.3,40.8,3.55,3,23.9,-4.8,2
60.7,91.1,85.3,2.72,0,10.4,13.2,1
66.9,93.3,59.4,2.12,4,30.4,24.0,2
59.7,71.8,99.3,3.99,0,31.4,21.5,1
77.4,96.1,52.3,2.46,4,32.4,14.9,2
52.4,59.4,61.2,2.89,3,11.1,-22.5,2
72.4,59.5,35.6,3.92,3,7.3,3.2,2
66.7,84.4,37.5,2.99,3,25.1,11.5,2
94.5,45.8,35.8,2.2,3,27.7,22.1,2
57.1,86.7,79.3,2.89,1,14.8,9.3,1
58.4,41.4,80.2,2.74,2,9.7,15.9,2
58.9,40.0,35.8,2.27,5,16.4,-9.3,2
93.6,43.5,41.1,2.84,2,28.8,20.9,2
93.1,94.0,93.5,2.69,1,28.3,9.3,0
72.0,91.7,53.8,2.88,2,3.4,16.7,1
92.2,66.9,68.6,3.86,3,25.4,4.5,0
82.2,93.0,76.6,3.66,2,3.6,24.1,0
98.5,84.8,30.9,3.38,5,21.1,-24.8,2
56.3,41.8,45.0,2.09,4,22.2,23.6,2
81.3,92.8,96.9,3.98,0,13.1,5.8,0
98.0,60.8,83.2,2.49,1,14.3,3.4,0
51.7,63.6,64.1,3.88,4,2.4,-24.0,2
97.1,92.7,68.3,2.15,3,14.8,-3.0,2
62.1,67.8,48.7,3.36,3,25.6,22.8,2
78.5,56.8,70.7,3.93,0,14.4,-13.7,1
87.9,89.1,53.4,2.02,2,7.3,-7.6,2
53.6,52.3,56.6,2.51,1,31.7,-15.8,2
79.1,76.4,76.3,3.15,1,27.7,-14.1,1
65.4,89.6,34.9,3.47,6,3.1,-23.0,2
62.2,77.0,97.1,3.11,0,15.7,-12.3,2
57.6,92.4,36.2,2.79,3,9.3,-18.2,2
97.9,93.6,62.0,3.51,4,34.9,2.8,2
66.2,72.8,43.0,2.34,4,26.3,13.6,2
97.7,53.9,77.0,3.76,1,28.3,19.2,0
72.9,60.5,43.1,2.51,3,34.4,19.5,2
54.5,60.0,41.3,3.43,5,20.2,-16.0,2
85.0,49.8,75.3,3.22,0,23.8,-21.6,1
86.1,79.8,69.6,2.87,2,27.5,0.2,0
76.8,59.3,68.5,3.46,4,31.1,3.4,1
85.2,45.5,68.9,2.09,3,3.7,24.6,2
95.9,67.8,83.6,3.4,3,30.3,-21.6,2
95.4,67.8,42.1,3.02,2,12.9,19.1,1
82.9,97.7,39.7,3.44,4,17.7,-24.9,2
76.8,76.3,88.7,2.46,1,23.9,-17.2,1
54.4,56.2,99.1,3.31,0,26.1,21.2,2
97.8,73.5,79.7,3.4,0,24.2,11.8,0
56.4,76.8,98.5,2.55,0,25.6,-17.5,2
68.0,94.0,78.7,2.21,1,14.3,-15.3,2
75.2,64.2,92.0,2.81,0,15.1,-24.9,1
61.5,88.0,62.0,2.71,2,31.8,-20.2,2
56.6,44.1,31.6,2.32,3,21.7,-4.2,2
80.4,89.9,41.1,3.5,2,19.5,-19.0,2
63.2,88.8,81.9,3.64,1,4.2,-5.6,2
93.4,94.5,59.4,2.03,3,3.8,-4.7,2
98.4,64.2,97.9,2.79,0,33.5,18.9,0
96.5,44.9,65.9,2.79,3,13.9,-9.8,2
88.9,85.4,51.0,2.07,3,33.9,-5.4,2
59.4,53.0,59.2,2.02,4,23.4,-6.2,2
59.5,89.1,57.0,2.87,2,29.5,-20.6,2
83.3,93.3,81.7,3.88,1,20.3,-9.0,1
55.1,69.9,65.9,3.77,1,3.3,11.7,2
57.4,53.9,51.8,3.64,5,4.8,5.0,2
63.2,51.7,53.7,2.48,4,6.4,23.3,2
59.3,61.2,34.0,3.06,4,9.4,-12.0,2
97.5,42.0,78.3,2.16,3,25.3,-6.7,2
85.9,61.4,62.7,3.46,3,32.2,3.2,1
75.0,86.2,58.1,3.42,3,25.8,24.5,2
62.0,61.5,63.1,3.71,4,15.0,21.6,2
98.1,43.7,44.6,2.56,4,4.6,-7.8,2
50.4,59.3,88.7,3.24,1,33.0,0.4,2
59.3,63.1,40.0,3.57,5,14.3,-5.9,2
92.7,53.9,61.7,3.96,1,6.5,-6.6,1
63.3,62.3,95.3,2.57,0,34.9,22.7,1
97.0,87.4,51.1,2.63,2,12.2,10.9,1
72.6,63.9,76.0,2.92,0,5.4,20.4,0
86.5,68.7,67.2,2.71,1,7.5,21.6,0
68.4,71.8,36.5,3.87,5,11.3,-17.2,2
87.0,50.2,92.2,3.01,2,17.2,-11.6,1
52.4,68.8,75.0,2.33,0,23.4,15.8,2
67.1,83.0,40.3,3.81,5,17.3,-18.4,2
70.0,58.8,43.2,2.94,2,5.7,20.6,2
67.9,48.8,60.8,3.07,3,2.8,21.8,2
82.5,78.2,33.2,2.05,4,7.0,17.8,2
59.3,66.9,89.3,2.39,0,16.0,5.2,2
98.4,80.2,38.6,3.84,3,27.2,1.5,2
51.8,47.1,56.5,2.69,4,25.4,0.9,2
58.8,81.8,72.1,2.37,1,26.0,17.8,2
98.3,60.4,92.5,3.32,0,9.0,-13.3,1
57.5,80.2,87.0,2.45,0,22.3,19.7,2
73.7,80.2,92.6,3.66,0,27.8,-13.7,1
71.2,45.1,54.5,2.07,5,15.1,20.4,2
80.4,85.7,38.5,3.01,6,7.2,17.7,2
51.9,40.8,38.7,2.79,4,13.7,17.3,2
78.0,95.8,79.4,3.93,3,18.3,14.7,1
96.2,84.2,67.4,2.52,4,15.3,-15.0,2
60.5,96.3,45.2,3.38,2,7.0,22.6,2
81.7,83.8,50.4,3.99,3,13.4,24.5,2
84.3,89.9,42.5,3.92,4,15.4,-6.1,2
60.6,78.1,93.0,2.48,2,31.6,14.5,2
92.8,46.7,33.9,2.79,4,28.2,-11.2,2
50.3,78.8,46.0,3.12,4,12.1,-18.9,2
53.6,84.9,42.2,3.32,5,18.8,-10.7,2
61.5,88.0,63.1,2.73,4,4.1,11.5,2
78.4,86.4,95.6,3.32,1,14.2,-3.6,0
53.6,72.8,94.3,2.68,0,16.1,-24.2,2
99.2,74.3,61.6,2.99,1,28.6,-22.0,1
90.6,41.1,41.8,3.95,5,24.0,-21.4,2
54.5,57.8,95.9,3.14,2,26.8,-3.5,2
73.1,72.9,61.8,2.07,1,33.5,-1.3,1
74.2,44.6,72.1,3.54,0,6.4,7.6,1
73.0,59.7,70.4,3.06,3,22.5,7.4,1
96.8,94.6,77.9,3.8,0,25.0,-9.6,1
80.1,76.5,56.8,2.62,3,3.0,0.6,2
52.3,47.0,34.8,3.68,6,27.6,-0.7,2
63.6,56.4,74.8,3.6,0,11.4,-24.7,2
78.1,62.9,51.6,3.33,5,16.4,-5.0,2
79.7,93.6,91.9,2.18,1,28.9,-5.7,0
62.8,59.2,31.6,2.49,4,12.4,-14.0,2
51.9,82.9,98.3,3.13,2,22.3,23.1,2
78.3,60.8,69.9,2.76,3,12.6,-22.5,2
79.7,81.7,42.5,2.7,5,7.3,-16.9,2
61.7,44.5,52.0,2.58,4,19.3,17.5,2
80.6,60.2,49.7,3.31,4,10.2,23.6,2
64.6,52.8,79.6,3.57,0,28.1,-9.7,2
69.8,93.8,71.2,3.51,2,10.0,10.3,0
61.3,91.1,91.4,2.53,0,19.4,8.8,2
57.3,42.8,53.0,2.84,3,22.0,-1.1,2
76.7,84.7,66.6,3.72,1,10.9,-12.5,1
98.4,97.9,83.2,2.89,3,4.0,-16.3,2
65.1,89.4,54.3,2.57,4,25.4,-4.4,2
73.6,74.0,90.1,2.25,1,10.1,-22.9,2
69.1,43.7,80.6,2.45,2,3.8,-23.6,2
55.3,85.2,44.3,3.73,4,13.0,-5.3,2
59.5,73.8,74.0,3.68,3,33.8,2.8,2
98.5,44.6,70.2,2.44,2,4.3,10.3,2
69.8,52.8,35.1,3.87,4,20.2,-22.6,2
64.8,50.6,88.0,2.32,0,24.1,-18.2,2
59.2,63.6,75.9,2.04,3,9.7,-2.5,2
75.2,80.2,86.1,2.79,0,29.1,16.6,0
97.5,58.2,79.5,2.28,0,30.4,-5.9,1
57.6,86.7,36.3,3.33,3,18.1,19.5,2
51.9,52.1,52.3,2.31,4,19.7,14.6,2
97.4,49.5,87.1,3.22,0,11.3,-5.5,1
93.6,93.5,41.2,2.4,3,19.2,-17.3,2
50.5,40.9,53.1,3.15,2,5.6,-14.8,2
62.7,67.2,34.7,3.38,6,24.1,-3.6,2
68.3,87.3,60.6,2.85,3,27.6,5.5,2
94.9,43.3,49.5,2.74,3,3.8,22.1,2
95.5,82.6,68.9,2.52,2,18.1,-13.3,1
89.6,42.7,67.8,2.92,1,33.2,15.0,2
54.5,81.6,97.0,3.32,1,6.4,-22.4,2
86.1,93.1,48.1,3.77,2,17.3,13.8,1
91.6,67.6,74.5,2.99,1,29.2,-4.3,0
68.0,71.4,67.6,3.84,2,7.1,8.9,1
67.0,90.6,34.5,2.31,5,21.8,15.1,2
64.1,54.8,65.5,3.48,2,33.3,-0.7,2
72.6,84.6,35.3,2.37,3,6.3,-20.7,2
75.7,53.7,54.3,3.38,2,15.7,20.9,1
83.5,91.7,92.9,2.91,1,3.6,16.2,0
96.6,74.7,54.7,3.18,4,22.4,-12.4,2
58.9,58.5,92.0,3.53,0,18.3,-16.4,2
87.4,54.5,69.0,2.36,2,2.7,17.9,1
57.2,61.8,56.4,2.64,4,28.8,4.6,2
59.8,82.7,78.5,3.63,2,8.7,-10.5,2
72.1,92.5,31.3,3.0,5,19.1,0.4,2
90.2,40.6,56.2,3.37,1,27.3,9.2,2
80.6,90.7,43.3,3.36,3,18.4,6.2,2
60.5,95.0,71.8,2.63,3,9.7,-15.8,2
73.7,86.1,41.2,2.72,5,7.1,-4.1,2
90.5,47.8,75.8,3.15,2,32.6,-17.5,2
55.9,58.7,90.5,3.86,1,15.5,-22.9,2
79.1,53.5,47.1,3.34,3,28.8,7.3,2
91.3,81.9,76.5,3.91,2,3.4,-6.2,0
51.4,78.8,53.8,2.39,2,25.9,-13.8,2
52.2,73.3,89.6,2.45,0,30.2,-21.8,2
97.5,50.0,35.3,3.5,3,18.9,20.6,2
85.6,71.2,90.9,3.09,1,19.7,24.6,0
79.1,70.8,48.4,3.07,3,14.9,24.4,2
91.9,79.1,33.0,2.78,6,20.8,0.1,2
62.2,58.2,52.9,3.47,5,14.8,-4.9,2
87.4,85.0,38.3,2.87,4,6.3,-10.2,2
96.5,86.9,42.5,2.39,2,2.6,9.5,2
64.2,75.5,67.2,3.59,1,5.7,11.6,2
72.3,87.9,58.4,3.22,1,34.2,-11.1,2
82.6,69.8,43.9,3.47,5,2.7,-14.0,2
84.4,49.7,30.1,2.01,5,32.9,12.4,2
59.7,63.0,91.1,2.01,0,22.8,-8.7,2
95.0,71.9,30.1,2.71,4,24.7,21.2,2
83.0,72.7,72.8,2.12,1,15.1,9.9,1
96.7,89.8,42.4,3.11,5,31.4,19.1,2
83.7,91.2,44.3,3.63,4,15.4,12.3,2
98.2,93.0,82.5,3.54,1,7.8,-2.3,0
71.7,57.7,84.4,2.0,1,4.5,-17.2,2
80.4,45.8,67.8,3.02,2,34.0,-7.5,2
73.1,74.8,89.9,3.06,0,12.7,21.9,0
74.7,45.5,33.0,3.51,4,25.9,16.3,2
50.3,92.1,67.7,2.2,1,23.6,-11.7,2
72.2,63.8,62.2,3.01,4,5.7,23.5,2
79.0,70.9,47.3,3.39,2,13.5,-0.1,1
57.5,62.7,55.8,3.91,2,15.2,-5.8,2
80.6,60.5,88.1,2.28,0,16.8,-9.6,1
63.6,65.2,74.6,3.53,0,26.4,19.3,1
72.3,76.4,40.0,3.23,5,16.0,24.4,2
80.9,68.1,69.4,3.11,4,21.6,-9.7,2
62.7,60.4,73.2,3.14,1,15.4,-21.2,2
92.3,46.5,62.3,2.58,3,17.1,22.2,2
60.3,82.5,67.6,3.07,1,34.9,-10.4,2
89.6,49.7,74.8,3.61,1,30.9,-8.7,1
55.9,91.5,32.2,2.8,6,33.7,-23.0,2
53.1,88.7,42.5,3.07,3,10.3,1.0,2
50.0,90.9,70.1,2.38,3,24.0,-22.9,2
77.6,75.9,81.6,2.52,2,30.2,24.7,0
70.8,90.2,31.0,3.85,3,16.8,-6.5,2
84.0,81.8,83.2,2.81,2,21.5,18.5,0
82.3,41.0,97.8,2.71,0,11.7,2.9,2
83.2,92.0,50.6,2.9,2,3.7,13.1,1
82.7,70.8,41.3,3.76,3,28.5,-23.4,2
56.1,53.4,94.3,2.61,0,34.0,-18.4,2
69.7,55.9,54.0,2.84,4,31.8,-5.0,2
68.9,85.7,38.8,2.65,6,13.4,4.9,2
56.8,94.1,83.8,2.37,0,30.2,-18.8,2
81.8,78.3,60.8,2.06,4,18.5,-1.0,2
65.2,56.7,85.0,2.74,1,9.4,-3.1,1
61.6,53.1,30.4,3.66,5,34.0,-10.6,2
60.9,49.6,88.0,3.8,2,3.9,12.1,2
54.6,90.4,95.1,3.56,0,9.8,13.9,2
81.7,66.9,41.0,3.54,3,19.7,2.3,2
85.6,58.6,52.7,2.36,4,24.1,-16.5,2
57.0,89.8,37.1,2.23,3,18.6,-0.5,2
95.8,70.7,74.6,2.73,3,21.8,-12.1,1
65.4,67.4,83.5,3.28,3,13.8,-17.9,2
92.7,57.2,88.3,3.69,2,5.9,4.0,0
60.0,56.8,93.1,2.41,0,13.0,-0.6,2
60.9,44.8,85.1,3.38,0,9.9,7.2,2
71.4,42.2,63.2,3.07,1,7.8,20.7,2
77.2,51.4,50.0,3.11,4,8.1,9.2,2
59.1,65.8,51.4,2.65,3,23.8,21.3,2
75.6,45.9,69.5,2.21,3,16.0,-1.1,2
64.0,62.1,36.1,2.96,6,26.5,21.7,2
65.5,52.2,57.7,3.18,4,21.0,19.4,2
63.1,92.6,33.7,3.18,3,21.3,-23.6,2
77.7,67.8,70.4,3.06,2,9.7,21.6,0
58.2,80.8,67.8,2.82,2,19.2,20.2,1
86.8,69.8,66.2,3.24,4,33.0,17.0,1
79.1,65.4,69.3,3.75,3,29.2,19.5,1
87.7,47.3,66.3,2.22,1,21.5,-16.0,2
72.1,73.9,81.2,3.22,0,31.6,17.3,0
77.0,77.1,93.5,2.9,1,4.7,-24.3,1
87.5,70.7,94.1,2.53,1,12.8,-20.1,1
74.8,90.7,66.6,2.78,2,19.3,-20.8,1
81.9,52.2,65.2,3.5,1,30.0,-19.3,2
99.3,88.4,35.6,3.89,3,13.1,-24.4,2
86.9,75.8,94.2,3.93,0,25.8,6.5,0
78.9,61.5,40.3,3.72,3,32.5,4.3,2
91.2,61.7,74.0,3.31,0,26.6,1.9,0
87.5,84.6,76.8,2.39,0,24.2,-24.0,1
56.1,54.0,70.9,2.02,3,33.6,1.6,2
65.8,47.0,80.6,2.08,0,3.9,1.6,2
92.8,81.6,33.0,2.66,6,31.0,-10.0,2
67.2,80.4,85.1,2.99,2,14.5,-4.9,1
53.9,80.0,65.7,3.2,2,20.8,-14.6,2
50.4,59.4,52.5,3.75,2,26.8,23.5,2
68.3,95.4,61.5,2.49,4,23.5,18.0,2
59.3,60.1,91.4,2.2,0,11.6,-5.4,2
83.0,88.6,93.8,2.94,0,8.0,-23.6,1
88.3,61.9,30.3,3.83,6,11.7,1.1,2
90.4,54.9,87.2,3.37,2,4.5,19.7,1
94.6,59.4,91.1,3.27,0,11.9,16.4,0
98.8,95.9,32.6,3.34,4,20.0,-18.2,2
71.0,64.5,95.4,3.02,1,5.4,6.7,0
72.7,70.7,70.5,3.18,3,28.2,21.3,1
74.8,55.1,82.9,3.83,0,30.4,6.3,0
78.5,50.0,67.6,3.72,3,33.0,0.5,2
67.5,89.6,46.6,3.66,5,12.8,12.4,2
56.8,68.5,61.7,3.78,1,2.7,23.4,2
92.0,87.6,84.3,3.53,1,3.2,-9.7,0
79.5,84.1,93.1,3.01,1,8.8,-1.5,0
61.7,63.5,83.3,2.9,0,29.4,-20.3,2
80.3,76.1,37.9,3.9,6,8.4,16.3,2
56.4,47.7,48.5,2.33,3,3.3,-11.9,2
93.1,53.5,35.9,2.07,4,23.5,-2.5,2
53.3,43.3,78.3,3.38,1,29.7,-11.4,2
58.0,61.5,84.7,3.68,3,23.2,-22.0,2
97.7,93.6,40.1,2.55,5,33.4,-23.6,2
57.6,62.6,47.9,3.87,4,15.4,-15.8,2
64.9,48.4,50.3,2.53,3,31.4,7.3,2
58.6,45.8,67.3,3.24,4,3.2,-9.7,2
52.5,40.7,68.2,2.9,2,23.5,-22.2,2
89.0,41.8,53.5,3.58,3,14.9,15.1,2
70.5,71.5,32.2,2.68,3,17.7,-9.4,2
54.8,54.1,53.3,3.6,5,33.9,-23.7,2
59.5,85.2,75.8,2.34,3,5.1,-14.8,2
78.3,83.1,63.1,2.15,1,14.9,-17.9,2
65.8,93.5,84.1,3.49,0,28.1,24.9,1
78.5,71.7,99.5,2.14,1,29.5,-2.3,0
98.9,87.9,83.2,2.59,1,28.0,20.1,0
68.0,45.4,57.8,2.29,3,8.0,20.6,2
86.6,94.3,81.1,3.17,3,12.1,16.2,1
94.2,61.8,31.6,3.35,5,15.9,6.3,2
73.5,44.6,62.6,3.64,2,25.8,-23.8,2
63.5,60.0,78.4,3.17,1,13.6,-5.9,1
55.5,95.4,67.6,3.84,4,5.0,15.3,2
99.7,80.8,81.3,3.6,3,31.2,-12.2,2
75.7,64.4,45.0,2.76,4,3.9,-24.5,2
65.6,55.0,65.8,2.46,1,29.1,2.9,2
51.6,56.9,89.2,2.26,2,16.4,-22.8,2
78.6,82.1,67.0,3.65,4,31.5,23.7,1
56.4,51.4,52.8,2.46,4,19.8,0.5,2
72.5,95.1,65.3,2.23,3,20.9,1.4,2
85.7,40.6,34.6,2.33,4,26.5,-0.4,2
93.3,60.8,53.0,3.76,2,27.1,-24.9,2
62.4,56.9,80.0,2.81,0,9.9,-19.4,2
50.2,70.2,83.8,3.14,3,5.0,-12.4,2
97.7,89.3,56.9,3.51,2,22.7,16.0,0
84.3,51.7,62.0,3.66,4,24.2,22.3,2
69.4,71.4,81.3,2.6,3,34.6,22.5,1
74.0,55.0,47.1,2.1,4,32.4,15.8,2
55.9,45.6,88.5,3.91,0,4.7,-20.2,2
65.9,78.4,68.9,2.74,3,10.6,0.1,2
81.8,86.7,76.5,2.14,2,8.7,13.1,1
70.6,41.7,52.5,3.89,4,22.0,-12.5,2
57.4,43.1,34.1,2.28,4,31.1,11.1,2
85.3,71.3,36.4,3.01,6,32.4,7.6,2
98.4,48.7,92.3,2.28,0,19.5,0.0,1
74.8,80.0,93.3,2.94,0,28.1,-7.1,0
96.5,60.0,61.8,2.02,2,4.9,6.0,2
77.6,59.3,68.4,3.37,3,33.0,6.4,1
83.3,91.8,38.0,2.06,3,17.3,-16.4,2
63.2,63.7,33.8,2.26,3,10.0,-17.8,2
87.3,50.2,98.9,2.25,2,26.3,21.3,1
53.4,45.2,32.1,3.81,3,33.2,10.8,2
87.6,53.0,87.0,3.78,1,32.1,12.7,0
69.1,42.7,91.3,3.31,2,31.5,23.9,2
65.0,87.9,31.8,3.24,6,13.0,-24.7,2
86.0,86.3,98.8,3.93,1,12.2,17.3,0
71.1,68.5,58.7,2.34,2,33.0,12.8,2
91.3,78.8,42.8,2.91,5,2.1,-5.4,2
67.6,80.5,58.0,2.31,4,6.3,24.2,2
94.2,63.7,68.2,3.02,3,29.9,14.5,0
83.1,73.5,74.7,2.72,0,3.2,23.7,0
90.3,57.6,69.6,3.99,3,34.1,-18.7,2
65.4,57.8,59.3,3.48,1,14.5,-17.4,2
57.5,59.5,74.6,3.69,1,22.0,12.6,1
58.6,96.3,76.2,2.55,0,11.3,15.9,2
55.1,81.2,64.5,2.39,4,20.2,1.6,2
71.5,57.8,53.6,3.17,3,11.5,18.7,2
86.2,70.6,49.4,3.6,5,19.7,24.7,2
67.4,45.7,37.1,2.09,5,5.0,15.8,2
65.6,78.1,49.5,3.6,2,8.2,18.2,2
80.6,95.2,59.7,3.65,4,9.9,-17.9,2
52.6,43.4,41.4,4.0,2,8.7,4.7,2
51.6,40.8,50.8,3.87,5,28.8,-13.0,2
87.4,74.2,62.7,3.3,1,15.7,14.0,0
94.2,49.0,99.1,2.71,0,25.6,23.9,0
86.1,55.0,70.7,2.57,2,34.3,-1.7,1
81.4,44.5,97.1,2.68,0,13.1,-16.7,2
51.1,93.5,69.1,3.35,1,29.6,1.1,2
79.9,43.3,45.9,2.22,2,15.7,-3.7,2
89.0,67.3,88.4,2.26,2,8.7,4.8,0
56.0,51.5,53.7,2.45,2,16.8,-4.0,2
95.0,40.4,85.9,3.09,1,24.2,10.8,1
98.5,41.8,41.9,2.51,3,30.6,-15.3,2
60.7,62.9,43.0,3.94,5,6.0,4.3,2
77.6,89.1,48.2,3.33,4,2.7,15.0,2
53.3,75.9,38.3,3.16,4,34.4,21.6,2
55.8,63.6,50.9,2.29,2,4.4,-1.0,2
60.9,61.1,98.5,3.91,0,23.4,13.3,1
87.4,46.5,67.7,2.44,3,6.5,2.1,2
75.2,52.8,30.7,3.83,3,26.4,5.0,2
61.4,48.5,55.8,2.14,4,17.7,-6.8,2
84.9,63.4,85.6,2.46,1,30.6,5.7,0
54.7,58.9,87.4,3.76,1,11.1,-0.1,2
88.4,49.0,65.4,3.62,1,28.0,17.8,1
66.8,83.2,94.0,2.22,2,20.0,-21.2,2
95.4,59.1,36.9,2.47,3,14.3,3.1,2
68.8,94.5,33.2,3.34,6,21.8,-17.0,2
50.9,57.1,50.5,3.52,4,29.8,-6.5,2
57.1,60.8,60.9,2.05,4,8.7,16.3,2
56.1,62.3,48.5,3.3,3,19.5,7.1,2
60.8,68.2,51.5,2.46,5,2.5,-15.7,2
64.8,44.2,51.1,3.69,5,25.3,8.6,2
66.6,84.7,57.6,3.06,2,34.4,19.7,1
77.8,88.4,99.8,2.9,2,16.1,-18.2,1
60.3,67.7,34.7,3.67,6,8.8,-8.1,2
73.8,80.1,55.1,2.25,4,31.5,-3.4,2
83.6,41.8,48.4,3.84,3,19.3,-5.3,2
58.8,80.2,84.6,3.55,0,10.6,-7.7,2
80.2,48.4,44.0,2.84,5,4.8,20.2,2
71.5,54.9,30.6,2.38,6,23.7,-8.9,2
79.8,66.9,79.7,2.69,0,7.2,17.5,0
